fy,quarter,period_end,account_code,line_item_zh,value_k_usd,statement,source_pdf,page_hint
FY18,Q1,2017-06-30,other_current_assets,可收回所得稅款,196243.0,BS,FY18Q1_180820170759.pdf,综合资产负债表(约p11-16)
FY18,Q1,2017-06-30,other_noncurrent_liabilities,退休福利責任,385831.0,BS,FY18Q1_180820170759.pdf,综合资产负债表(约p11-16)
FY18,Q2,2017-09-30,accrued_liabilities,其他應付賬款及應計費用,10227406.0,BS,FY18Q2_021120171217.pdf,综合资产负债表(约p11-16)
FY18,Q2,2017-09-30,cash,現金及現金等價物,1143834.0,BS,FY18Q2_021120171217.pdf,综合资产负债表(约p11-16)
FY18,Q2,2017-09-30,noncontrolling_interest,向非控制性權益簽出認沽期權,-212900.0,BS,FY18Q2_021120171217.pdf,综合资产负债表(约p11-16)
FY18,Q2,2017-09-30,other_noncurrent_liabilities,其他非流動負債,353462.0,BS,FY18Q2_021120171217.pdf,综合资产负债表(约p11-16)
FY18,Q2,2017-09-30,revenue,收入,11760888.0,IS,FY18Q2_021120171217.pdf,综合损益表(约p11-15)
FY18,Q3,2017-12-31,other_noncurrent_liabilities,保修費撥備,284033.0,BS,FY18Q3_010220180733.pdf,综合资产负债表(约p11-16)
FY18,Q3,2017-12-31,other_noncurrent_liabilities,遞延所得稅項負債,248259.0,BS,FY18Q3_010220180733.pdf,综合资产负债表(约p11-16)
FY18,Q3,2017-12-31,total_assets,總資產,29499415.0,BS,FY18Q3_010220180733.pdf,综合资产负债表(约p11-16)
FY18,Q4,2018-03-31,other_current_liabilities,應付票據,801974.0,BS,FY18Q4_240520181206.pdf,综合资产负债表(约p11-16)
FY18,Q4,2018-03-31,other_noncurrent_assets,可供出售金融資產,373077.0,BS,FY18Q4_240520181206.pdf,综合资产负债表(约p11-16)
FY18,Q4,2018-03-31,other_noncurrent_liabilities,遞延收益,583405.0,BS,FY18Q4_240520181206.pdf,综合资产负债表(约p11-16)
FY18,Q4,2018-03-31,total_liabilities,總負債,23948183.0,BS,FY18Q4_240520181206.pdf,综合资产负债表(约p11-16)
FY18,Q4,2018-03-31,gross_profit,毛利,6272131.0,IS,FY18Q4_240520181206.pdf,综合损益表(约p11-15)
FY19,Q1,2018-06-30,noncontrolling_interest,向非控制性權益簽出認沽期權,-364003.0,BS,FY19Q1_160820180735.pdf,综合资产负债表(约p11-16)
FY19,Q1,2018-06-30,ppe_net,在建工程,373953.0,BS,FY19Q1_160820180735.pdf,综合资产负债表(约p11-16)
FY19,Q1,2018-06-30,short_term_debt,貸款,2638543.0,BS,FY19Q1_160820180735.pdf,综合资产负债表(约p11-16)
FY19,Q1,2018-06-30,total_assets,總資產,31311358.0,BS,FY19Q1_160820180735.pdf,综合资产负债表(约p11-16)
FY19,Q2,2018-09-30,accounts_receivable,應收貿易賬款,6097261.0,BS,FY19Q2_081120181217.pdf,综合资产负债表(约p11-16)
FY19,Q2,2018-09-30,other_current_liabilities,應付票據,619883.0,BS,FY19Q2_081120181217.pdf,综合资产负债表(约p11-16)
FY19,Q2,2018-09-30,other_noncurrent_assets,其他非流動資產,118744.0,BS,FY19Q2_081120181217.pdf,综合资产负债表(约p11-16)
FY19,Q2,2018-09-30,other_noncurrent_assets,遞延所得稅項資產,1674742.0,BS,FY19Q2_081120181217.pdf,综合资产负债表(约p11-16)
FY19,Q2,2018-09-30,other_noncurrent_liabilities,遞延所得稅項負債,328520.0,BS,FY19Q2_081120181217.pdf,综合资产负债表(约p11-16)
FY19,Q2,2018-09-30,total_assets,總資產,30887354.0,BS,FY19Q2_081120181217.pdf,综合资产负债表(约p11-16)
FY19,Q3,2018-12-31,accounts_receivable,應收貿易賬款,6555272.0,BS,FY19Q3_210220190728.pdf,综合资产负债表(约p11-16)
FY19,Q3,2018-12-31,cash,現金及現金等價物,3399860.0,BS,FY19Q3_210220190728.pdf,综合资产负债表(约p11-16)
FY19,Q3,2018-12-31,other_noncurrent_assets,以公允價值計量且其變動計入損益的金融資產,406340.0,BS,FY19Q3_210220190728.pdf,综合资产负债表(约p11-16)
FY19,Q4,2019-03-31,accrued_liabilities,其他應付賬款及應計費用,8942336.0,BS,FY19Q4_230520191211.pdf,综合资产负债表(约p11-16)
FY19,Q4,2019-03-31,other_current_liabilities,應付票據,1272840.0,BS,FY19Q4_230520191211.pdf,综合资产负债表(约p11-16)
FY19,Q4,2019-03-31,ppe_net,物業、廠房及設備,1430817.0,BS,FY19Q4_230520191211.pdf,综合资产负债表(约p11-16)
FY20,Q1,2019-06-30,long_term_debt,貸款,2136661.0,BS,FY20Q1_150820190745.pdf,综合资产负债表(约p11-16)
FY20,Q1,2019-06-30,other_current_liabilities,撥備,735094.0,BS,FY20Q1_150820190745.pdf,综合资产负债表(约p11-16)
FY20,Q1,2019-06-30,other_noncurrent_liabilities,其他非流動負債,1391522.0,BS,FY20Q1_150820190745.pdf,综合资产负债表(约p11-16)
FY20,Q1,2019-06-30,ppe_net,物業、廠房及設備,1683516.0,BS,FY20Q1_150820190745.pdf,综合资产负债表(约p11-16)
FY20,Q1,2019-06-30,short_term_debt,貸款,2769212.0,BS,FY20Q1_150820190745.pdf,综合资产负债表(约p11-16)
FY20,Q1,2019-06-30,total_liabilities,總負債,28154828.0,BS,FY20Q1_150820190745.pdf,综合资产负债表(约p11-16)
FY20,Q1,2019-06-30,revenue,收入,12512153.0,IS,FY20Q1_150820190745.pdf,综合损益表(约p11-15)
FY20,Q2,2019-09-30,long_term_debt,貸款,2141383.0,BS,FY20Q2_071120191202.pdf,综合资产负债表(约p11-16)
FY20,Q2,2019-09-30,other_noncurrent_assets,於聯營公司及合營公司權益,73229.0,BS,FY20Q2_071120191202.pdf,综合资产负债表(约p11-16)
FY20,Q2,2019-09-30,other_noncurrent_assets,遞延所得稅項資產,1961594.0,BS,FY20Q2_071120191202.pdf,综合资产负债表(约p11-16)
FY20,Q3,2019-12-31,accounts_payable,應付貿易賬款,8665819.0,BS,FY20Q3_200220201201.pdf,综合资产负债表(约p11-16)
FY20,Q3,2019-12-31,net_income,期內溢利,305499.0,IS,FY20Q3_200220201201.pdf,综合损益表(约p11-15)
FY20,Q4,2020-03-31,deferred_revenue_current,遞延收益,819199.0,BS,FY20Q4_200520200704.pdf,综合资产负债表(约p11-16)
FY20,Q4,2020-03-31,other_current_liabilities,衍生金融負債,73784.0,BS,FY20Q4_200520200704.pdf,综合资产负债表(约p11-16)
FY20,Q4,2020-03-31,other_noncurrent_assets,於聯營公司及合營公司權益,60307.0,BS,FY20Q4_200520200704.pdf,综合资产负债表(约p11-16)
FY20,Q4,2020-03-31,other_noncurrent_liabilities,其他非流動負債,1321296.0,BS,FY20Q4_200520200704.pdf,综合资产负债表(约p11-16)
FY21,Q1,2020-06-30,accounts_receivable,應收票據,29579.0,BS,FY21Q1_130820201201.pdf,综合资产负债表(约p11-16)
FY21,Q1,2020-06-30,inventory,存貨,5126690.0,BS,FY21Q1_130820201201.pdf,综合资产负债表(约p11-16)
FY21,Q1,2020-06-30,other_current_liabilities,衍生金融負債,76232.0,BS,FY21Q1_130820201201.pdf,综合资产负债表(约p11-16)
FY21,Q1,2020-06-30,other_noncurrent_assets,以公允價值計量且其變動計入其他全面收益的金融資產,63546.0,BS,FY21Q1_130820201201.pdf,综合资产负债表(约p11-16)
FY21,Q1,2020-06-30,other_noncurrent_liabilities,其他非流動負債,1332599.0,BS,FY21Q1_130820201201.pdf,综合资产负债表(约p11-16)
FY21,Q1,2020-06-30,ppe_net,物業、廠房及設備,1388316.0,BS,FY21Q1_130820201201.pdf,综合资产负债表(约p11-16)
FY21,Q1,2020-06-30,total_assets,總資產,33494982.0,BS,FY21Q1_130820201201.pdf,综合资产负债表(约p11-16)
FY21,Q1,2020-06-30,total_liabilities_and_equity,總權益及負債,33494982.0,BS,FY21Q1_130820201201.pdf,综合资产负债表(约p11-16)
FY21,Q1,2020-06-30,operating_income,經營溢利,435877.0,IS,FY21Q1_130820201201.pdf,综合损益表(约p11-15)
FY21,Q2,2020-09-30,other_current_liabilities,應付票據,1108077.0,BS,FY21Q2_031120201215.pdf,综合资产负债表(约p11-16)
FY21,Q2,2020-09-30,other_noncurrent_liabilities,退休福利責任,485055.0,BS,FY21Q2_031120201215.pdf,综合资产负债表(约p11-16)
FY21,Q2,2020-09-30,gross_profit,毛利,2252553.0,IS,FY21Q2_031120201215.pdf,综合损益表(约p11-15)
FY21,Q3,2020-12-31,accounts_payable,應付貿易賬款,9967953.0,BS,FY21Q3_030220211202.pdf,综合资产负债表(约p11-16)
FY21,Q3,2020-12-31,deferred_revenue_current,遞延收益,1057656.0,BS,FY21Q3_030220211202.pdf,综合资产负债表(约p11-16)
FY21,Q3,2020-12-31,other_current_liabilities,應付票據,1247610.0,BS,FY21Q3_030220211202.pdf,综合资产负债表(约p11-16)
FY21,Q3,2020-12-31,other_noncurrent_liabilities,退休福利責任,474839.0,BS,FY21Q3_030220211202.pdf,综合资产负债表(约p11-16)
FY21,Q3,2020-12-31,ppe_net,物業、廠房及設備,1530006.0,BS,FY21Q3_030220211202.pdf,综合资产负债表(约p11-16)
FY21,Q3,2020-12-31,short_term_debt,貸款,639086.0,BS,FY21Q3_030220211202.pdf,综合资产负债表(约p11-16)
FY21,Q3,2020-12-31,operating_income,經營溢利,701207.0,IS,FY21Q3_030220211202.pdf,综合损益表(约p11-15)
FY21,Q3,2020-12-31,revenue,收入,17245443.0,IS,FY21Q3_030220211202.pdf,综合损益表(约p11-15)
FY21,Q4,2021-03-31,noncontrolling_interest,其他非控制性權益,817735.0,BS,FY21Q4_270520211201.pdf,综合资产负债表(约p11-16)
FY21,Q4,2021-03-31,other_current_assets,衍生金融資產,118299.0,BS,FY21Q4_270520211201.pdf,综合资产负债表(约p11-16)
FY21,Q4,2021-03-31,other_noncurrent_assets,使用權資產,893422.0,BS,FY21Q4_270520211201.pdf,综合资产负债表(约p11-16)
FY22,Q1,2021-06-30,other_current_assets,衍生金融資產,75197.0,BS,FY22Q1_110820211201.pdf,综合资产负债表(约p11-16)
FY22,Q1,2021-06-30,other_current_assets,按金、預付款項及其他應收賬款,5038401.0,BS,FY22Q1_110820211201.pdf,综合资产负债表(约p11-16)
FY22,Q1,2021-06-30,other_noncurrent_assets,於聯營公司及合營公司權益,64412.0,BS,FY22Q1_110820211201.pdf,综合资产负债表(约p11-16)
FY22,Q1,2021-06-30,cogs,銷售成本,14105505.0,IS,FY22Q1_110820211201.pdf,综合损益表(约p11-15)
FY22,Q2,2021-09-30,long_term_debt,貸款,3309173.0,BS,FY22Q2_041120211201.pdf,综合资产负债表(约p11-16)
FY22,Q2,2021-09-30,noncontrolling_interest,向非控制性權益簽出認沽期權,-766238.0,BS,FY22Q2_041120211201.pdf,综合资产负债表(约p11-16)
FY22,Q3,2021-12-31,accounts_payable,應付貿易賬款,12516688.0,BS,FY22Q3_230220221201.pdf,综合资产负债表(约p11-16)
FY22,Q3,2021-12-31,ppe_net,在建工程,393160.0,BS,FY22Q3_230220221201.pdf,综合资产负债表(约p11-16)
FY22,Q3,2021-12-31,short_term_debt,貸款,433613.0,BS,FY22Q3_230220221201.pdf,综合资产负债表(约p11-16)
FY22,Q4,2022-03-31,other_current_liabilities,應付票據,2148907.0,BS,FY22Q4_260520221201.pdf,综合资产负债表(约p11-16)
FY22,Q4,2022-03-31,other_noncurrent_assets,遞延所得稅項資產,2527955.0,BS,FY22Q4_260520221201.pdf,综合资产负债表(约p11-16)
FY22,Q4,2022-03-31,total_liabilities_and_equity,總權益及負債,44510444.0,BS,FY22Q4_260520221201.pdf,综合资产负债表(约p11-16)
FY23,Q1,2022-06-30,other_current_assets,衍生金融資產,225606.0,BS,FY23Q1_100820220732.pdf,综合资产负债表(约p11-16)
FY23,Q1,2022-06-30,other_noncurrent_assets,於聯營公司及合營公司權益,334610.0,BS,FY23Q1_100820220732.pdf,综合资产负债表(约p11-16)
FY23,Q1,2022-06-30,other_noncurrent_assets,遞延所得稅項資產,2486092.0,BS,FY23Q1_100820220732.pdf,综合资产负债表(约p11-16)
FY23,Q1,2022-06-30,other_noncurrent_liabilities,遞延收益,1386750.0,BS,FY23Q1_100820220732.pdf,综合资产负债表(约p11-16)
FY23,Q1,2022-06-30,operating_income,經營溢利,777249.0,IS,FY23Q1_100820220732.pdf,综合损益表(约p11-15)
FY23,Q2,2022-09-30,accounts_receivable,應收貿易賬款及票據,9786759.0,BS,FY23Q2_031120221202.pdf,综合资产负债表(约p11-16)
FY23,Q2,2022-09-30,noncontrolling_interest,其他非控制性權益,989993.0,BS,FY23Q2_031120221202.pdf,综合资产负债表(约p11-16)
FY23,Q2,2022-09-30,other_noncurrent_assets,以公允值計量且其變動計入其他全面收益的金融資產,56669.0,BS,FY23Q2_031120221202.pdf,综合资产负债表(约p11-16)
FY23,Q2,2022-09-30,other_noncurrent_assets,於聯營公司及合營公司權益,429861.0,BS,FY23Q2_031120221202.pdf,综合资产负债表(约p11-16)
FY23,Q2,2022-09-30,other_noncurrent_assets,以公允值計量且其變動計入損益的金融資產,1068239.0,BS,FY23Q2_031120221202.pdf,综合资产负债表(约p11-16)
FY23,Q3,2022-12-31,cash,現金及現金等價物,5018898.0,BS,FY23Q3_170220231201.pdf,综合资产负债表(约p11-16)
FY23,Q3,2022-12-31,other_current_assets,衍生金融資產,25680.0,BS,FY23Q3_170220231201.pdf,综合资产负债表(约p11-16)
FY23,Q3,2022-12-31,other_noncurrent_assets,於聯營公司及合營公司權益,442193.0,BS,FY23Q3_170220231201.pdf,综合资产负债表(约p11-16)
FY23,Q3,2022-12-31,cogs,銷售成本,12654361.0,IS,FY23Q3_170220231201.pdf,综合损益表(约p11-15)
FY23,Q3,2022-12-31,revenue,收入,15266606.0,IS,FY23Q3_170220231201.pdf,综合损益表(约p11-15)
FY23,Q4,2023-03-31,noncontrolling_interest,向非控制性權益簽出認沽期權,-547353.0,BS,FY23Q4_240520231218.pdf,综合资产负债表(约p11-16)
FY23,Q4,2023-03-31,other_noncurrent_liabilities,退休福利責任,257244.0,BS,FY23Q4_240520231218.pdf,综合资产负债表(约p11-16)
FY23,Q4,2023-03-31,other_noncurrent_liabilities,遞延所得稅項負債,431688.0,BS,FY23Q4_240520231218.pdf,综合资产负债表(约p11-16)
FY23,Q4,2023-03-31,cogs,銷售成本,51445762.0,IS,FY23Q4_240520231218.pdf,综合损益表(约p11-15)
FY24,Q1,2023-06-30,other_noncurrent_assets,使用權資產,639018.0,BS,FY24Q1_170820231201.pdf,综合资产负债表(约p11-16)
FY24,Q1,2023-06-30,short_term_investments,銀行存款,68424.0,BS,FY24Q1_170820231201.pdf,综合资产负债表(约p11-16)
FY24,Q2,2023-09-30,accrued_liabilities,其他應付賬款及應計費用,13059950.0,BS,FY24Q2_161120231219.pdf,综合资产负债表(约p11-16)
FY24,Q2,2023-09-30,noncontrolling_interest,其他非控制性權益,998650.0,BS,FY24Q2_161120231219.pdf,综合资产负债表(约p11-16)
FY24,Q2,2023-09-30,noncontrolling_interest,向非控制性權益簽出認沽期權,-547353.0,BS,FY24Q2_161120231219.pdf,综合资产负债表(约p11-16)
FY24,Q2,2023-09-30,other_current_liabilities,撥備,907638.0,BS,FY24Q2_161120231219.pdf,综合资产负债表(约p11-16)
FY24,Q2,2023-09-30,other_noncurrent_assets,其他非流動資產,284672.0,BS,FY24Q2_161120231219.pdf,综合资产负债表(约p11-16)
FY24,Q3,2023-12-31,other_current_assets,按金、預付款項及其他應收賬款,4143353.0,BS,FY24Q3_220220241202.pdf,综合资产负债表(约p11-16)
FY24,Q3,2023-12-31,ppe_net,物業、廠房及設備,2009343.0,BS,FY24Q3_220220241202.pdf,综合资产负债表(约p11-16)
FY24,Q4,2024-03-31,other_current_liabilities,撥備,920950.0,BS,FY24Q4_230520241204.pdf,综合资产负债表(约p11-16)
FY25,Q1,2024-06-30,noncontrolling_interest,向非控制性權益簽出認沽期權,-547353.0,BS,FY25Q1_150820241201.pdf,综合资产负债表(约p11-16)
FY25,Q1,2024-06-30,other_current_liabilities,衍生金融負債,23884.0,BS,FY25Q1_150820241201.pdf,综合资产负债表(约p11-16)
FY25,Q1,2024-06-30,other_noncurrent_assets,以公允值計量且其變動計入損益的金融資產,1404907.0,BS,FY25Q1_150820241201.pdf,综合资产负债表(约p11-16)
FY25,Q1,2024-06-30,gross_profit,毛利,2559849.0,IS,FY25Q1_150820241201.pdf,综合损益表(约p11-15)
FY25,Q2,2024-09-30,short_term_debt,貸款,1027895.0,BS,FY25Q2_151120240721.pdf,综合资产负债表(约p11-16)
FY25,Q2,2024-09-30,cogs,銷售成本,15054344.0,IS,FY25Q2_151120240721.pdf,综合损益表(约p11-15)
FY25,Q3,2024-12-31,deferred_revenue_current,遞延收益,1605483.0,BS,FY25Q3_200220251201.pdf,综合资产负债表(约p11-16)
FY25,Q3,2024-12-31,noncontrolling_interest,其他非控制性權益,1112237.0,BS,FY25Q3_200220251201.pdf,综合资产负债表(约p11-16)
FY25,Q3,2024-12-31,other_current_assets,按金、預付款項及其他應收賬款,4569603.0,BS,FY25Q3_200220251201.pdf,综合资产负债表(约p11-16)
FY25,Q3,2024-12-31,other_current_assets,可收回所得稅款,628278.0,BS,FY25Q3_200220251201.pdf,综合资产负债表(约p11-16)
FY25,Q3,2024-12-31,other_noncurrent_assets,以公允值計量且其變動計入其他全面收益的金融資產,46136.0,BS,FY25Q3_200220251201.pdf,综合资产负债表(约p11-16)
FY25,Q3,2024-12-31,gross_profit,毛利,2959391.0,IS,FY25Q3_200220251201.pdf,综合损益表(约p11-15)
FY25,Q4,2025-03-31,inventory,存貨,7923804.0,BS,FY25Q4_220520251203.pdf,综合资产负债表(约p11-16)
FY25,Q4,2025-03-31,other_current_assets,按金、預付款項及其他應收賬款,4223658.0,BS,FY25Q4_220520251203.pdf,综合资产负债表(约p11-16)
FY25,Q4,2025-03-31,other_current_liabilities,衍生金融負債,197196.0,BS,FY25Q4_220520251203.pdf,综合资产负债表(约p11-16)
FY25,Q4,2025-03-31,total_equity,總權益,6659917.0,BS,FY25Q4_220520251203.pdf,综合资产负债表(约p11-16)
FY26,Q1,2025-06-30,other_noncurrent_assets,於聯營公司及合營公司權益,314406.0,BS,FY26Q1_140820250742.pdf,综合资产负债表(约p11-16)
FY26,Q1,2025-06-30,other_noncurrent_liabilities,衍生金融負債,127844.0,BS,FY26Q1_140820250742.pdf,综合资产负债表(约p11-16)
FY26,Q2,2025-09-30,accounts_payable,應付貿易賬款及票據,16132424.0,BS,FY26Q2_201120250729.pdf,综合资产负债表(约p11-16)
FY26,Q2,2025-09-30,other_current_assets,可收回所得稅款,435533.0,BS,FY26Q2_201120250729.pdf,综合资产负债表(约p11-16)
FY26,Q2,2025-09-30,other_current_liabilities,衍生金融負債,127499.0,BS,FY26Q2_201120250729.pdf,综合资产负债表(约p11-16)
FY26,Q2,2025-09-30,other_noncurrent_assets,於聯營公司及合營公司權益,314425.0,BS,FY26Q2_201120250729.pdf,综合资产负债表(约p11-16)
FY26,Q2,2025-09-30,ppe_net,在建工程,319304.0,BS,FY26Q2_201120250729.pdf,综合资产负债表(约p11-16)
FY26,Q2,2025-09-30,total_assets,總資產,49831165.0,BS,FY26Q2_201120250729.pdf,综合资产负债表(约p11-16)
FY26,Q3,2025-12-31,intangibles,無形資產,7921672.0,BS,FY26Q3_120220261202.pdf,综合资产负债表(约p11-16)
FY26,Q3,2025-12-31,noncontrolling_interest,向非控制性權益簽出認沽期權,-547353.0,BS,FY26Q3_120220261202.pdf,综合资产负债表(约p11-16)
FY26,Q3,2025-12-31,other_noncurrent_assets,以公允值計量且其變動計入其他全面收益的金融資產,53296.0,BS,FY26Q3_120220261202.pdf,综合资产负债表(约p11-16)
FY26,Q3,2025-12-31,cogs,銷售成本,18855318.0,IS,FY26Q3_120220261202.pdf,综合损益表(约p11-15)
FY26,Q3,2025-12-31,revenue,收入,22204334.0,IS,FY26Q3_120220261202.pdf,综合损益表(约p11-15)
FY26,Q4,2026-03-31,long_term_debt,貸款,3862595.0,BS,FY26Q4_220520260732.pdf,综合资产负债表(约p11-16)
FY26,Q4,2026-03-31,other_noncurrent_assets,使用權資產,648835.0,BS,FY26Q4_220520260732.pdf,综合资产负债表(约p11-16)
FY26,Q4,2026-03-31,other_noncurrent_liabilities,遞延收益,1969201.0,BS,FY26Q4_220520260732.pdf,综合资产负债表(约p11-16)
FY26,Q4,2026-03-31,total_liabilities_and_equity,總權益及負債,57129094.0,BS,FY26Q4_220520260732.pdf,综合资产负债表(约p11-16)
FY27,Q1,2026-06-30,accrued_liabilities,其他應付賬款及應計費用,21179254.0,BS,FY27Q1_130820261201.pdf,综合资产负债表(约p11-16)
FY27,Q1,2026-06-30,cash,現金及現金等價物,5907477.0,BS,FY27Q1_130820261201.pdf,综合资产负债表(约p11-16)
FY27,Q1,2026-06-30,inventory,存貨,15741947.0,BS,FY27Q1_130820261201.pdf,综合资产负债表(约p11-16)
FY27,Q1,2026-06-30,other_current_assets,衍生金融資產,167070.0,BS,FY27Q1_130820261201.pdf,综合资产负债表(约p11-16)
FY27,Q1,2026-06-30,other_noncurrent_assets,其他非流動資產,356136.0,BS,FY27Q1_130820261201.pdf,综合资产负债表(约p11-16)
FY27,Q1,2026-06-30,other_noncurrent_liabilities,其他非流動負債,1084058.0,BS,FY27Q1_130820261201.pdf,综合资产负债表(约p11-16)
FY27,Q1,2026-06-30,ppe_net,物業、廠房及設備,2322951.0,BS,FY27Q1_130820261201.pdf,综合资产负债表(约p11-16)
