company_id,period,account,z
Dell,FY2022Q3,accounts_payable,3.505
Dell,FY2023Q2,accounts_payable,-2.302
Dell,FY2022Q3,inventory,3.818
HP,FY2022Q1,accounts_payable,3.411
HP,FY2022Q3,accounts_payable,-4.250
HP,FY2024Q4,accounts_payable,2.977
HP,FY2020Q1,accounts_receivable,-3.112
HP,FY2021Q2,accounts_receivable,-2.311
HP,FY2022Q3,accounts_receivable,-3.446
HP,FY2023Q4,accounts_receivable,-2.398
HP,FY2020Q1,inventory,-2.077
HP,FY2020Q2,inventory,3.356
HP,FY2022Q1,inventory,2.173
HP,FY2022Q3,inventory,-2.622
HP,FY2022Q4,inventory,-2.337
Lenovo,FY2023Q2,accounts_payable,-10.961
Lenovo,FY2023Q3,accounts_payable,-2.682
Lenovo,FY2024Q1,accounts_payable,-2.123
Lenovo,FY2023Q2,accounts_receivable,-4.620
Lenovo,FY2023Q3,accounts_receivable,-3.830
Lenovo,FY2023Q4,accounts_receivable,-2.322
Lenovo,FY2023Q3,inventory,-3.030
Lenovo,FY2025Q2,inventory,3.124
