fy,quarter,period_end,period_type,line_item_zh,account_code,value_k_usd,source_pdf
FY18,Q1,17-06-30,3m,收入,revenue,10012214.0,FY18Q1_180820170759.pdf
FY18,Q1,17-06-30,3m,銷售成本,cogs,8647602.0,FY18Q1_180820170759.pdf
FY18,Q1,17-06-30,3m,毛利,gross_profit,1364612.0,FY18Q1_180820170759.pdf
FY18,Q1,17-06-30,3m,經營(虧損)/溢利,operating_income,6113.0,FY18Q1_180820170759.pdf
FY18,Q1,17-06-30,3m,期內(虧損)/溢利,net_income,53865.0,FY18Q1_180820170759.pdf
FY18,Q2,17-09-30,3m,收入,revenue,11760888.0,FY18Q2_021120171217.pdf
FY18,Q2,17-09-30,3m,銷售成本,cogs,10148366.0,FY18Q2_021120171217.pdf
FY18,Q2,17-09-30,3m,毛利,gross_profit,1612522.0,FY18Q2_021120171217.pdf
FY18,Q2,17-09-30,3m,經營溢利,operating_income,87683.0,FY18Q2_021120171217.pdf
FY18,Q2,17-09-30,3m,期內溢利,net_income,153174.0,FY18Q2_021120171217.pdf
FY18,Q3,17-12-31,3m,收入,revenue,12938532.0,FY18Q3_010220180733.pdf
FY18,Q3,17-12-31,3m,銷售成本,cogs,11187501.0,FY18Q3_010220180733.pdf
FY18,Q3,17-12-31,3m,毛利,gross_profit,1751031.0,FY18Q3_010220180733.pdf
FY18,Q3,17-12-31,3m,經營溢利,operating_income,204461.0,FY18Q3_010220180733.pdf
FY18,Q3,17-12-31,3m,期內(虧損)/溢利,net_income,274524.0,FY18Q3_010220180733.pdf
FY18,Q4,18-03-31,3m,收入,revenue,45349943.0,FY18Q4_240520181206.pdf
FY18,Q4,18-03-31,3m,銷售成本,cogs,39077812.0,FY18Q4_240520181206.pdf
FY18,Q4,18-03-31,3m,毛利,gross_profit,6272131.0,FY18Q4_240520181206.pdf
FY18,Q4,18-03-31,3m,經營溢利,operating_income,386723.0,FY18Q4_240520181206.pdf
FY19,Q1,18-06-30,3m,收入,revenue,11912725.0,FY19Q1_160820180735.pdf
FY19,Q1,18-06-30,3m,銷售成本,cogs,10281053.0,FY19Q1_160820180735.pdf
FY19,Q1,18-06-30,3m,毛利,gross_profit,1631672.0,FY19Q1_160820180735.pdf
FY19,Q2,18-09-30,3m,收入,revenue,13379809.0,FY19Q2_081120181217.pdf
FY19,Q2,18-09-30,3m,銷售成本,cogs,11585705.0,FY19Q2_081120181217.pdf
FY19,Q2,18-09-30,3m,毛利,gross_profit,1794104.0,FY19Q2_081120181217.pdf
FY19,Q2,18-09-30,3m,經營溢利,operating_income,289547.0,FY19Q2_081120181217.pdf
FY19,Q2,18-09-30,3m,期內溢利,net_income,173482.0,FY19Q2_081120181217.pdf
FY19,Q3,18-12-31,3m,收入,revenue,14035130.0,FY19Q3_210220190728.pdf
FY19,Q3,18-12-31,3m,銷售成本,cogs,11985465.0,FY19Q3_210220190728.pdf
FY19,Q3,18-12-31,3m,毛利,gross_profit,2049665.0,FY19Q3_210220190728.pdf
FY19,Q3,18-12-31,3m,經營溢利,operating_income,434394.0,FY19Q3_210220190728.pdf
FY19,Q4,19-03-31,3m,收入,revenue,51037943.0,FY19Q4_230520191211.pdf
FY19,Q4,19-03-31,3m,銷售成本,cogs,43667299.0,FY19Q4_230520191211.pdf
FY19,Q4,19-03-31,3m,毛利,gross_profit,7370644.0,FY19Q4_230520191211.pdf
FY19,Q4,19-03-31,3m,經營溢利,operating_income,1177817.0,FY19Q4_230520191211.pdf
FY20,Q1,19-06-30,3m,收入,revenue,12512153.0,FY20Q1_150820190745.pdf
FY20,Q1,19-06-30,3m,銷售成本,cogs,10463762.0,FY20Q1_150820190745.pdf
FY20,Q1,19-06-30,3m,毛利,gross_profit,2048391.0,FY20Q1_150820190745.pdf
FY20,Q1,19-06-30,3m,經營溢利,operating_income,342651.0,FY20Q1_150820190745.pdf
FY20,Q2,19-09-30,3m,收入,revenue,13521989.0,FY20Q2_071120191202.pdf
FY20,Q2,19-09-30,3m,銷售成本,cogs,11339441.0,FY20Q2_071120191202.pdf
FY20,Q2,19-09-30,3m,毛利,gross_profit,2182548.0,FY20Q2_071120191202.pdf
FY20,Q2,19-09-30,3m,經營溢利,operating_income,441744.0,FY20Q2_071120191202.pdf
FY20,Q2,19-09-30,3m,期內溢利,net_income,243639.0,FY20Q2_071120191202.pdf
FY20,Q3,19-12-31,3m,收入,revenue,14102836.0,FY20Q3_200220201201.pdf
FY20,Q3,19-12-31,3m,銷售成本,cogs,11838210.0,FY20Q3_200220201201.pdf
FY20,Q3,19-12-31,3m,毛利,gross_profit,2264626.0,FY20Q3_200220201201.pdf
FY20,Q3,19-12-31,3m,經營溢利,operating_income,488113.0,FY20Q3_200220201201.pdf
FY20,Q3,19-12-31,3m,期內溢利,net_income,305499.0,FY20Q3_200220201201.pdf
FY20,Q4,20-03-31,3m,收入,revenue,50716349.0,FY20Q4_200520200704.pdf
FY20,Q4,20-03-31,3m,銷售成本,cogs,42359045.0,FY20Q4_200520200704.pdf
FY20,Q4,20-03-31,3m,毛利,gross_profit,8357304.0,FY20Q4_200520200704.pdf
FY20,Q4,20-03-31,3m,經營溢利,operating_income,1438596.0,FY20Q4_200520200704.pdf
FY21,Q1,20-06-30,3m,收入,revenue,13347856.0,FY21Q1_130820201201.pdf
FY21,Q1,20-06-30,3m,銷售成本,cogs,11306548.0,FY21Q1_130820201201.pdf
FY21,Q1,20-06-30,3m,毛利,gross_profit,2041308.0,FY21Q1_130820201201.pdf
FY21,Q1,20-06-30,3m,經營溢利,operating_income,435877.0,FY21Q1_130820201201.pdf
FY21,Q2,20-09-30,3m,收入,revenue,14518909.0,FY21Q2_031120201215.pdf
FY21,Q2,20-09-30,3m,銷售成本,cogs,12266356.0,FY21Q2_031120201215.pdf
FY21,Q2,20-09-30,3m,毛利,gross_profit,2252553.0,FY21Q2_031120201215.pdf
FY21,Q2,20-09-30,3m,經營溢利,operating_income,564505.0,FY21Q2_031120201215.pdf
FY21,Q2,20-09-30,3m,期內溢利,net_income,349554.0,FY21Q2_031120201215.pdf
FY21,Q3,20-12-31,3m,收入,revenue,17245443.0,FY21Q3_030220211202.pdf
FY21,Q3,20-12-31,3m,銷售成本,cogs,14459338.0,FY21Q3_030220211202.pdf
FY21,Q3,20-12-31,3m,毛利,gross_profit,2786105.0,FY21Q3_030220211202.pdf
FY21,Q3,20-12-31,3m,經營溢利,operating_income,701207.0,FY21Q3_030220211202.pdf
FY21,Q3,20-12-31,3m,期內溢利,net_income,431435.0,FY21Q3_030220211202.pdf
FY21,Q4,21-03-31,3m,收入,revenue,60742312.0,FY21Q4_270520211201.pdf
FY21,Q4,21-03-31,3m,銷售成本,cogs,50974425.0,FY21Q4_270520211201.pdf
FY21,Q4,21-03-31,3m,毛利,gross_profit,9767887.0,FY21Q4_270520211201.pdf
FY21,Q4,21-03-31,3m,經營溢利,operating_income,2180407.0,FY21Q4_270520211201.pdf
FY22,Q1,21-06-30,3m,收入,revenue,16929247.0,FY22Q1_110820211201.pdf
FY22,Q1,21-06-30,3m,銷售成本,cogs,14105505.0,FY22Q1_110820211201.pdf
FY22,Q1,21-06-30,3m,毛利,gross_profit,2823742.0,FY22Q1_110820211201.pdf
FY22,Q1,21-06-30,3m,經營溢利,operating_income,742771.0,FY22Q1_110820211201.pdf
FY22,Q2,21-09-30,3m,收入,revenue,17868679.0,FY22Q2_041120211201.pdf
FY22,Q2,21-09-30,3m,銷售成本,cogs,14862921.0,FY22Q2_041120211201.pdf
FY22,Q2,21-09-30,3m,毛利,gross_profit,3005758.0,FY22Q2_041120211201.pdf
FY22,Q2,21-09-30,3m,經營溢利,operating_income,816564.0,FY22Q2_041120211201.pdf
FY22,Q2,21-09-30,3m,期內溢利,net_income,557090.0,FY22Q2_041120211201.pdf
FY22,Q3,21-12-31,3m,收入,revenue,20126532.0,FY22Q3_230220221201.pdf
FY22,Q3,21-12-31,3m,銷售成本,cogs,16771318.0,FY22Q3_230220221201.pdf
FY22,Q3,21-12-31,3m,毛利,gross_profit,3355214.0,FY22Q3_230220221201.pdf
FY22,Q3,21-12-31,3m,經營溢利,operating_income,932443.0,FY22Q3_230220221201.pdf
FY22,Q3,21-12-31,3m,期內溢利,net_income,681708.0,FY22Q3_230220221201.pdf
FY22,Q4,22-03-31,3m,收入,revenue,71618216.0,FY22Q4_260520221201.pdf
FY22,Q4,22-03-31,3m,銷售成本,cogs,59569241.0,FY22Q4_260520221201.pdf
FY22,Q4,22-03-31,3m,毛利,gross_profit,12048975.0,FY22Q4_260520221201.pdf
FY22,Q4,22-03-31,3m,經營溢利,operating_income,3080569.0,FY22Q4_260520221201.pdf
FY23,Q1,22-06-30,3m,收入,revenue,16955618.0,FY23Q1_100820220732.pdf
FY23,Q1,22-06-30,3m,銷售成本,cogs,14086717.0,FY23Q1_100820220732.pdf
FY23,Q1,22-06-30,3m,毛利,gross_profit,2868901.0,FY23Q1_100820220732.pdf
FY23,Q1,22-06-30,3m,經營溢利,operating_income,777249.0,FY23Q1_100820220732.pdf
FY23,Q1,22-06-30,3m,期內溢利,net_income,539471.0,FY23Q1_100820220732.pdf
FY23,Q2,22-09-30,3m,收入,revenue,17089537.0,FY23Q2_031120221202.pdf
FY23,Q2,22-09-30,3m,銷售成本,cogs,14212963.0,FY23Q2_031120221202.pdf
FY23,Q2,22-09-30,3m,毛利,gross_profit,2876574.0,FY23Q2_031120221202.pdf
FY23,Q2,22-09-30,3m,經營溢利,operating_income,850918.0,FY23Q2_031120221202.pdf
FY23,Q2,22-09-30,3m,期內溢利,net_income,553841.0,FY23Q2_031120221202.pdf
FY23,Q3,22-12-31,3m,收入,revenue,15266606.0,FY23Q3_170220231201.pdf
FY23,Q3,22-12-31,3m,銷售成本,cogs,12654361.0,FY23Q3_170220231201.pdf
FY23,Q3,22-12-31,3m,毛利,gross_profit,2612245.0,FY23Q3_170220231201.pdf
FY23,Q3,22-12-31,3m,經營溢利,operating_income,749956.0,FY23Q3_170220231201.pdf
FY23,Q3,22-12-31,3m,期內溢利,net_income,481943.0,FY23Q3_170220231201.pdf
FY23,Q4,23-03-31,3m,收入,revenue,61946854.0,FY23Q4_240520231218.pdf
FY23,Q4,23-03-31,3m,銷售成本,cogs,51445762.0,FY23Q4_240520231218.pdf
FY23,Q4,23-03-31,3m,毛利,gross_profit,10501092.0,FY23Q4_240520231218.pdf
FY23,Q4,23-03-31,3m,經營溢利,operating_income,2668823.0,FY23Q4_240520231218.pdf
FY24,Q1,23-06-30,3m,收入,revenue,12899927.0,FY24Q1_170820231201.pdf
FY24,Q1,23-06-30,3m,銷售成本,cogs,10648022.0,FY24Q1_170820231201.pdf
FY24,Q1,23-06-30,3m,毛利,gross_profit,2251905.0,FY24Q1_170820231201.pdf
FY24,Q1,23-06-30,3m,經營溢利,operating_income,390075.0,FY24Q1_170820231201.pdf
FY24,Q1,23-06-30,3m,期內溢利,net_income,183414.0,FY24Q1_170820231201.pdf
FY24,Q2,23-09-30,3m,收入,revenue,14409786.0,FY24Q2_161120231219.pdf
FY24,Q2,23-09-30,3m,銷售成本,cogs,11888026.0,FY24Q2_161120231219.pdf
FY24,Q2,23-09-30,3m,毛利,gross_profit,2521760.0,FY24Q2_161120231219.pdf
FY24,Q2,23-09-30,3m,經營溢利,operating_income,514000.0,FY24Q2_161120231219.pdf
FY24,Q2,23-09-30,3m,期內溢利,net_income,289053.0,FY24Q2_161120231219.pdf
FY24,Q3,23-12-31,3m,收入,revenue,15720954.0,FY24Q3_220220241202.pdf
FY24,Q3,23-12-31,3m,銷售成本,cogs,13119563.0,FY24Q3_220220241202.pdf
FY24,Q3,23-12-31,3m,毛利,gross_profit,2601391.0,FY24Q3_220220241202.pdf
FY24,Q3,23-12-31,3m,經營溢利,operating_income,612937.0,FY24Q3_220220241202.pdf
FY24,Q3,23-12-31,3m,期內溢利,net_income,376813.0,FY24Q3_220220241202.pdf
FY24,Q4,24-03-31,3m,收入,revenue,56863784.0,FY24Q4_230520241204.pdf
FY24,Q4,24-03-31,3m,銷售成本,cogs,47060601.0,FY24Q4_230520241204.pdf
FY24,Q4,24-03-31,3m,毛利,gross_profit,9803183.0,FY24Q4_230520241204.pdf
FY24,Q4,24-03-31,3m,經營溢利,operating_income,2005784.0,FY24Q4_230520241204.pdf
FY25,Q1,24-06-30,3m,收入,revenue,15447056.0,FY25Q1_150820241201.pdf
FY25,Q1,24-06-30,3m,銷售成本,cogs,12887207.0,FY25Q1_150820241201.pdf
FY25,Q1,24-06-30,3m,毛利,gross_profit,2559849.0,FY25Q1_150820241201.pdf
FY25,Q1,24-06-30,3m,經營溢利,operating_income,494469.0,FY25Q1_150820241201.pdf
FY25,Q1,24-06-30,3m,期內溢利,net_income,253495.0,FY25Q1_150820241201.pdf
FY25,Q2,24-09-30,3m,收入,revenue,17850094.0,FY25Q2_151120240721.pdf
FY25,Q2,24-09-30,3m,銷售成本,cogs,15054344.0,FY25Q2_151120240721.pdf
FY25,Q2,24-09-30,3m,毛利,gross_profit,2795750.0,FY25Q2_151120240721.pdf
FY25,Q2,24-09-30,3m,經營溢利,operating_income,650599.0,FY25Q2_151120240721.pdf
FY25,Q2,24-09-30,3m,期內溢利,net_income,383276.0,FY25Q2_151120240721.pdf
FY25,Q3,24-12-31,3m,收入,revenue,18796280.0,FY25Q3_200220251201.pdf
FY25,Q3,24-12-31,3m,銷售成本,cogs,15836889.0,FY25Q3_200220251201.pdf
FY25,Q3,24-12-31,3m,毛利,gross_profit,2959391.0,FY25Q3_200220251201.pdf
FY25,Q3,24-12-31,3m,經營溢利,operating_income,687704.0,FY25Q3_200220251201.pdf
FY25,Q3,24-12-31,3m,期內溢利,net_income,700763.0,FY25Q3_200220251201.pdf
FY25,Q4,25-03-31,3m,收入,revenue,69076968.0,FY25Q4_220520251203.pdf
FY25,Q4,25-03-31,3m,銷售成本,cogs,57979358.0,FY25Q4_220520251203.pdf
FY25,Q4,25-03-31,3m,毛利,gross_profit,11097610.0,FY25Q4_220520251203.pdf
FY25,Q4,25-03-31,3m,經營溢利,operating_income,2164153.0,FY25Q4_220520251203.pdf
FY26,Q1,25-06-30,3m,收入,revenue,18829869.0,FY26Q1_140820250742.pdf
FY26,Q1,25-06-30,3m,銷售成本,cogs,16055392.0,FY26Q1_140820250742.pdf
FY26,Q1,25-06-30,3m,毛利,gross_profit,2774477.0,FY26Q1_140820250742.pdf
FY26,Q1,25-06-30,3m,經營溢利,operating_income,784809.0,FY26Q1_140820250742.pdf
FY26,Q1,25-06-30,3m,期內溢利,net_income,537550.0,FY26Q1_140820250742.pdf
FY26,Q2,25-09-30,3m,收入,revenue,20452022.0,FY26Q2_201120250729.pdf
FY26,Q2,25-09-30,3m,銷售成本,cogs,17305391.0,FY26Q2_201120250729.pdf
FY26,Q2,25-09-30,3m,毛利,gross_profit,3146631.0,FY26Q2_201120250729.pdf
FY26,Q2,25-09-30,3m,經營溢利,operating_income,642921.0,FY26Q2_201120250729.pdf
FY26,Q2,25-09-30,3m,期內溢利,net_income,380292.0,FY26Q2_201120250729.pdf
FY26,Q3,25-12-31,3m,收入,revenue,22204334.0,FY26Q3_120220261202.pdf
FY26,Q3,25-12-31,3m,銷售成本,cogs,18855318.0,FY26Q3_120220261202.pdf
FY26,Q3,25-12-31,3m,毛利,gross_profit,3349016.0,FY26Q3_120220261202.pdf
FY26,Q3,25-12-31,3m,經營溢利,operating_income,948458.0,FY26Q3_120220261202.pdf
FY26,Q3,25-12-31,3m,期內溢利,net_income,647970.0,FY26Q3_120220261202.pdf
FY26,Q4,26-03-31,3m,收入,revenue,83074555.0,FY26Q4_220520260732.pdf
FY26,Q4,26-03-31,3m,銷售成本,cogs,70265133.0,FY26Q4_220520260732.pdf
FY26,Q4,26-03-31,3m,毛利,gross_profit,12809422.0,FY26Q4_220520260732.pdf
FY26,Q4,26-03-31,3m,經營溢利,operating_income,3261743.0,FY26Q4_220520260732.pdf
FY27,Q1,26-06-30,3m,收入,revenue,26942766.0,FY27Q1_130820261201.pdf
FY27,Q1,26-06-30,3m,銷售成本,cogs,22490797.0,FY27Q1_130820261201.pdf
FY27,Q1,26-06-30,3m,毛利,gross_profit,4451969.0,FY27Q1_130820261201.pdf
FY27,Q1,26-06-30,3m,經營溢利,operating_income,19202.0,FY27Q1_130820261201.pdf
FY27,Q1,26-06-30,3m,期內(虧損)/溢利,net_income,477592.0,FY27Q1_130820261201.pdf
