company_id,fiscal_year,fiscal_quarter,period_end,calendar_quarter,revenue_yoy_pct,inventory_yoy_pct,inventory_qoq_pct,dio,dio_yoy_delta,pattern
Dell,2022,4,2022-01-28,2022Q1,-15.004595588235292,73.36860670194002,8.379272326350605,21.49427202666111,4.284558695183236,inventory_pressure_candidate
Dell,2023,1,2022-04-29,2022Q2,6.6525094948340024,63.97596656217346,6.425907087148186,27.24584398976982,7.6983367106682685,mixed_or_unclassified
Dell,2023,2,2022-07-29,2022Q3,1.159941811499876,39.30854842529008,-6.276883861717386,26.364242828552367,6.166828702732218,mixed_or_unclassified
Dell,2023,3,2022-10-28,2022Q4,-12.93583151370008,13.414185961043735,4.912459629440757,28.847296728726203,7.221651289827754,inventory_pressure_candidate
Dell,2023,4,2023-02-03,2023Q1,12.818779850410023,-19.02339776195321,-22.618276085547638,27.81994502930042,6.325673002639309,mixed_or_unclassified
Dell,2024,1,2023-05-05,2023Q2,-19.88819114718946,-36.020391906961926,-15.91289782244556,25.153169014084508,-2.0926749756853127,inventory_reduction_with_turnover_improvement
Dell,2024,2,2023-08-04,2023Q3,-13.210974456007573,-39.078701342852284,-10.756972111553786,19.70707243403431,-6.657170394518058,inventory_reduction_with_turnover_improvement
Dell,2024,3,2023-11-03,2023Q4,-9.991505198009786,-45.220349967595595,-5.6640625,18.529351575746944,-10.31794515297926,inventory_reduction_with_turnover_improvement
HP,2022,1,2022-01-31,2022Q1,8.832928544036811,35.242951409718046,13.72005044136191,57.143443524151586,9.989897021960381,mixed_or_unclassified
HP,2022,2,2022-04-30,2022Q2,3.860930906342519,19.221540922420676,-0.8205810601020214,60.75161510982746,10.050883422121423,mixed_or_unclassified
HP,2022,3,2022-07-31,2022Q3,-4.08790633788999,0.3306797305572484,-8.407871198568873,67.00578034682081,6.44935651689056,inventory_pressure_candidate
HP,2022,4,2022-10-31,2022Q4,-11.238380809595206,-4.224464060529631,-7.28759765625,60.096160211850375,4.885869384109888,inventory_reduction_without_turnover_improvement
HP,2023,1,2023-01-31,2023Q1,-18.792576932111814,-18.562874251497007,-3.3048057932850594,62.36446138488066,5.221017860729077,inventory_reduction_without_turnover_improvement
HP,2023,2,2023-04-30,2023Q2,-21.69193450576107,-19.264311270125223,-1.6748366013071947,64.91811899038461,4.166503880557151,inventory_reduction_without_turnover_improvement
HP,2023,3,2023-07-31,2023Q3,-10.010911074740857,-12.14599609375,-0.33236393851266977,63.931752458068246,-3.0740278887525676,inventory_reduction_with_turnover_improvement
HP,2023,4,2023-10-31,2023Q4,-6.648199445983383,-9.651086240947993,-4.6547172432958135,59.70402511078286,-0.3921351010675167,inventory_reduction_with_turnover_improvement
