company_id,fiscal_year,fiscal_quarter,period_end,calendar_quarter,days,accounts_payable,accounts_receivable,cash,cogs,gross_profit,inventory,revenue,inventory_qoq_pct,inventory_yoy_pct,revenue_qoq_pct,revenue_yoy_pct,cogs_qoq_pct,cogs_yoy_pct,accounts_receivable_qoq_pct,accounts_receivable_yoy_pct,accounts_payable_qoq_pct,accounts_payable_yoy_pct,dio,dso,gross_margin_pct
Dell,2019,4,2019-02-01,2019Q1,91,19213.0,12371.0,9676.0,16732.0,7109.0,3649.0,23841.0,,,,,,,,,,,,,29.81838010150581
Dell,2020,1,2019-05-03,2019Q2,91,18097.0,10517.0,9040.0,15111.0,6797.0,3360.0,21908.0,-7.919978076185252,,-8.107881380814563,,-9.688022950035858,,-14.986662355508852,,-5.808567116015196,,21.104460326914168,47.53532955997809,31.02519627533321
Dell,2020,2,2019-08-02,2019Q3,91,19411.0,11586.0,9193.0,16044.0,7326.0,3135.0,23370.0,-6.696428571428569,,6.673361329194805,,6.174310105221359,,10.16449557858705,,7.260871967729465,,18.419502617801047,43.03322635857938,31.34788189987163
Dell,2020,3,2019-11-01,2019Q4,91,19443.0,11447.0,8555.0,15718.0,7126.0,3257.0,22844.0,3.8915470494417903,,-2.250748823277704,,-2.03191224133632,,-1.1997238045917458,,0.16485497913554248,,18.503371930271026,45.876444580633866,31.194186657327965
Dell,2020,4,2020-01-31,2020Q1,91,20065.0,12484.0,9302.0,16348.0,7684.0,3281.0,24032.0,0.7368744243168468,-10.084954782132094,5.200490281912096,0.8011408917411256,4.00814352971115,-2.2950035859431006,9.059142133310027,0.9134265621211002,3.199094789898682,4.434497475667509,18.196660141913384,45.308775798934754,31.974034620505993
Dell,2021,1,2020-05-01,2020Q2,91,18432.0,10797.0,12229.0,15044.0,6853.0,3616.0,21897.0,10.210301737275218,7.619047619047614,-8.883988015978694,-0.050209968961112406,-7.976510888182043,-0.44338561312950997,-13.513297020185833,2.662356185223924,-8.138549713431352,1.8511355473282975,20.859711512895505,48.37582773895967,31.296524638078278
Dell,2021,2,2020-07-31,2020Q3,91,19500.0,11643.0,11221.0,15577.0,7156.0,3602.0,22733.0,-0.38716814159291957,14.896331738437008,3.817874594693338,-2.725716730851524,3.5429407072587127,-2.910745450012464,7.8355098638510645,0.49197307094770437,5.794270833333326,0.45850291072071503,21.083584772420874,44.913561782430826,31.478467426208596
Dell,2021,3,2020-10-30,2020Q4,91,19792.0,11377.0,11304.0,16221.0,7261.0,3393.0,23482.0,-5.802332037756797,4.17562173779551,3.2947697180310653,2.79285589213798,4.134300571355198,3.200152691182079,-2.284634544361419,-0.6115139337817821,1.4974358974358948,1.7949904850074638,19.621015966956413,44.60480367941402,30.921556937228516
Dell,2021,4,2021-01-29,2021Q1,91,21696.0,12788.0,14201.0,17965.0,8147.0,3402.0,26112.0,0.2652519893899141,3.687900030478519,11.20006813729666,8.655126498002662,10.751494975648846,9.891118179593828,12.402214995165695,2.4351169496956038,9.620048504446244,8.128582108148507,17.209713331477875,42.10736443014706,31.200214460784316
Dell,2022,1,2021-04-30,2021Q2,91,21545.0,10909.0,14244.0,16829.0,7658.0,3828.0,24487.0,12.522045855379194,5.86283185840708,-6.2231924019607865,11.828104306526011,-6.32340662399109,11.865195426748198,-14.693462621207388,1.0373251829211894,-0.6959808259586975,16.889105902777768,19.547507279101552,44.032078245599706,31.27373708498387
Dell,2022,2,2021-07-30,2021Q3,91,23029.0,12914.0,11719.0,18137.0,7985.0,4223.0,26122.0,10.318704284221525,17.240421987784572,6.677012292236695,14.907843223507665,7.772297819240603,16.434486743275343,18.37931982766523,10.91643047324573,6.887909027616623,18.097435897435886,20.19741412582015,41.495540157721464,30.568103514279148
Dell,2022,3,2021-10-29,2021Q4,91,26772.0,14177.0,22406.0,20335.0,8059.0,5442.0,28394.0,28.865735259294347,60.38903625110521,8.697649490850633,20.918150072395882,12.118873021999232,25.36218482214414,9.7800836301688,24.611057396501714,16.253419601372187,35.26677445432498,21.62564543889845,43.4120060576178,28.382756920476155
Dell,2022,4,2022-01-28,2022Q1,91,27143.0,12912.0,9477.0,24005.0,-1811.0,5898.0,22194.0,8.379272326350605,73.36860670194002,-21.83559907022611,-15.004595588235292,18.047701008114082,33.62092958530476,-8.922903294067853,0.9696590553644135,1.3857761840729177,25.106010324483783,21.49427202666111,55.53525727674146,-8.159863026043075
Dell,2023,1,2022-04-29,2022Q2,91,25585.0,11837.0,6654.0,20332.0,5784.0,6277.0,26116.0,6.425907087148186,63.97596656217346,17.671442732269995,6.6525094948340024,-15.300978962716105,20.81525937370017,-8.325588599752166,8.506737556146305,-5.739969789632681,18.751450452541185,27.24584398976982,43.118375708378004,22.147342625210598
Dell,2023,2,2022-07-29,2022Q3,91,25339.0,13431.0,5507.0,20986.0,5439.0,5883.0,26425.0,-6.276883861717386,39.30854842529008,1.183182723234788,1.159941811499876,3.2166043674995093,15.708220764183721,13.46624989439893,4.003407155025562,-0.9615008794215396,10.030830691736515,26.364242828552367,43.50781456953642,20.58278145695364
Dell,2023,3,2022-10-28,2022Q4,91,22507.0,11431.0,4909.0,19014.0,5707.0,6172.0,24721.0,4.912459629440757,13.414185961043735,-6.448438978240301,-12.93583151370008,-9.396740684265703,-6.4961888369805765,-14.89092398183307,-19.36940114269592,-11.176447373613795,-15.930823248169734,28.847296728726203,45.75951620080094,23.085635694348934
Dell,2023,4,2023-02-03,2023Q1,98,18598.0,12482.0,8607.0,19283.0,5756.0,4776.0,25039.0,-22.618276085547638,-19.02339776195321,1.286355729946198,12.818779850410023,1.4147470285053032,-19.670901895438455,9.194296212054942,-3.330235439900864,-17.36792997734038,-31.481413255719705,27.81994502930042,46.79647749510763,22.988138503933865
Dell,2024,1,2023-05-05,2023Q2,91,17796.0,9399.0,7631.0,15904.0,5018.0,4016.0,20922.0,-15.91289782244556,-36.020391906961926,-16.442349934102797,-19.88819114718946,-17.523206969869833,-21.778477277198505,-24.699567377022912,-20.596434907493453,-4.312291644262823,-30.443619308188396,25.153169014084508,47.585579772488295,23.984322722493072
Dell,2024,2,2023-08-04,2023Q3,91,19969.0,10351.0,8364.0,17547.0,5387.0,3584.0,22934.0,-10.756972111553786,-39.078701342852284,9.616671446324453,-13.210974456007573,10.330734406438635,-16.387115219670257,10.128737099691465,-22.93202293202293,12.210609125646222,-21.19262796479735,19.70707243403431,39.18309060783117,23.48914275747798
Dell,2024,3,2023-11-03,2023Q4,91,19478.0,9720.0,8298.0,17103.0,5148.0,3381.0,22251.0,-5.6640625,-45.220349967595595,-2.9781111014214656,-9.991505198009786,-2.5303470678748496,-10.050489113284943,-6.096029369143075,-14.968069285276876,-2.4588111572938054,-13.458035277913538,18.529351575746944,41.04222282144623,23.13603882971552
Dell,2024,4,2024-02-02,2024Q1,91,19389.0,9343.0,7366.0,17002.0,5316.0,3622.0,22318.0,7.128068618751859,-24.162479061976548,0.3011100624691121,-10.86704740604657,-0.5905396714026789,-11.829072239796712,-3.878600823045264,-25.148213427335364,-0.4569257623986078,4.253145499516076,18.741118691918597,38.86398870866565,23.819338650416704
Dell,2025,1,2024-05-03,2024Q2,91,20586.0,8563.0,5830.0,17438.0,4806.0,4782.0,22244.0,32.02650469353947,19.07370517928286,-0.3315709292947444,6.318707580537231,2.5644041877426194,9.645372233400407,-8.348496200363908,-8.894563251409727,6.173603589664234,15.677680377612946,21.928088083495815,36.626640891925916,21.60582629023557
Dell,2025,2,2024-08-02,2024Q3,91,24095.0,11391.0,4550.0,19715.0,5311.0,5953.0,25026.0,24.48766206608113,66.09933035714286,12.506743391476348,9.121827853841458,13.057690102075936,12.355388385479005,33.02580871190004,10.047338421408568,17.045564947051382,20.662026140517796,24.775171189449658,36.278550307680014,21.221929193638616
Dell,2025,3,2024-11-01,2024Q4,91,23400.0,11189.0,5225.0,19059.0,5307.0,6652.0,24366.0,11.74197883420125,96.74652469683525,-2.637257252457448,9.505190777942563,-3.3274156733451687,11.436590071917196,-1.773329821789127,15.113168724279834,-2.884415853911604,20.135537529520487,30.09221365234273,42.16490191250103,21.780349667569567
HP,2019,1,2019-01-31,2019Q1,92,14572.0,5113.0,3367.0,12098.0,2612.0,5649.0,14710.0,,,,,,,,,,,,,17.756628144119645
HP,2019,2,2019-04-30,2019Q2,89,13839.0,5414.0,3556.0,11307.0,2729.0,5394.0,14036.0,-4.514073287307485,,-4.581917063222296,,-6.538270788560096,,5.886954821044399,,-5.030194894317875,,43.4609976120987,33.375,19.44286121402109
HP,2019,3,2019-07-31,2019Q3,92,14648.0,5295.0,4919.0,11698.0,2905.0,5716.0,14603.0,5.969595847237663,,4.0396124251923515,,3.458034845670821,,-2.1980051717768734,,5.845798106799616,,43.68780988203112,33.733753338355136,19.893172635759775
HP,2019,4,2019-10-31,2019Q4,92,14793.0,6031.0,4537.0,12483.0,2924.0,5734.0,15407.0,0.31490552834150254,,5.505718003150029,,6.7105488117626955,,13.89990557129368,,0.9898962315674442,,42.1933830008812,33.81553839164016,18.97838644771857
HP,2020,1,2020-01-31,2020Q1,92,12808.0,4857.0,4205.0,11746.0,2872.0,4946.0,14618.0,-13.742588071154515,-12.444680474420256,-5.12104887388849,-0.6254248810333096,-5.904029480092932,-2.909571830054558,-19.466091858729897,-5.006845296303542,-13.418508754140468,-12.105407631073295,41.82530223054657,34.262416199206456,19.6470105349569
HP,2020,2,2020-04-30,2020Q2,90,14195.0,5146.0,4054.0,9976.0,2493.0,6354.0,12469.0,28.467448443186406,17.797552836484986,-14.701053495690243,-11.164149330293526,-15.068959645836877,-11.771469001503498,5.950175005147207,-4.950129294421868,10.82916926920674,2.5724402052171413,50.972333600641534,36.10032881546235,19.993584088539578
HP,2020,3,2020-07-31,2020Q3,92,14276.0,5269.0,4679.0,11901.0,2393.0,5896.0,14294.0,-7.208057916273214,3.149055283414981,14.636298019087345,-2.1160035609121386,19.29631114675221,1.7353393742520096,2.390205985231253,-0.49102927289895737,0.5706234589644144,-2.539595849262699,47.348962272077976,33.51686022107178,16.741290051769976
HP,2020,4,2020-10-31,2020Q4,92,14704.0,5381.0,4864.0,12579.0,2679.0,5963.0,15258.0,1.1363636363636465,3.9937216602720538,6.744088428711348,-0.9670928798597989,5.697000252079665,0.7690459024273011,2.1256405390017052,-10.77764881445863,2.9980386662930902,-0.6016359088758194,43.36704030527069,32.107746755800235,17.55800235941801
HP,2021,1,2021-01-31,2021Q1,92,14960.0,5273.0,4160.0,12322.0,3324.0,6668.0,15646.0,11.82290793224887,34.8160129397493,2.5429282999082536,7.03242577644001,-2.043087685825584,4.9037970372892925,-2.007061884408101,8.564957792876271,1.7410228509249226,16.80199875078077,47.153546502191205,31.32327751501981,21.245046657292598
HP,2021,2,2021-04-30,2021Q2,89,15228.0,4990.0,3424.0,12437.0,3440.0,7502.0,15877.0,12.50749850029993,18.067359143846407,1.4764156973028353,27.331782821397056,0.9332900503165042,24.669206094627107,-5.366963777735634,-3.0314807617566997,1.7914438502673713,7.277210285311719,50.70073168770604,28.76510045978459,21.666561693015055
HP,2021,3,2021-07-31,2021Q3,92,15898.0,4908.0,3439.0,11901.0,3388.0,8165.0,15289.0,8.83764329512131,38.48371777476256,-3.7034704289223397,6.960962641667834,-4.309720993808797,0.0,-1.6432865731462964,-6.851394951603718,4.399789860782777,11.361725973662097,60.55642382993025,29.78010334227222,22.159722676434036
HP,2021,4,2021-10-31,2021Q4,92,16075.0,5511.0,4299.0,13410.0,3265.0,7930.0,16675.0,-2.8781383955909345,32.986751635083024,9.065341094904845,9.28693144579893,12.679606755734806,6.606248509420465,12.28606356968216,2.41590782382457,1.1133475908919443,9.323993471164304,55.21029082774049,28.742068965517245,19.580209895052477
HP,2022,1,2022-01-31,2022Q1,92,18070.0,5180.0,3394.0,13643.0,3385.0,9018.0,17028.0,13.72005044136191,35.242951409718046,2.1169415292353833,8.832928544036811,1.737509321401931,10.72066223015744,-6.006169479223367,-1.763701877489099,12.410575427682735,20.788770053475947,57.143443524151586,28.881019497298567,19.87902278599953
HP,2022,2,2022-04-30,2022Q2,89,17004.0,5405.0,4477.0,13157.0,3333.0,8944.0,16490.0,-0.8205810601020214,19.221540922420676,-3.1595019967113003,3.860930906342519,-3.5622663637029928,5.78917745437002,4.343629343629352,8.316633266533069,-5.899280575539567,11.662726556343571,60.75161510982746,28.564736203759857,20.212249848392965
HP,2022,3,2022-07-31,2022Q3,92,15514.0,4427.0,5386.0,11764.0,2900.0,8192.0,14664.0,-8.407871198568873,0.3306797305572484,-11.073377804730145,-4.08790633788999,-10.587519951356693,-1.151163767750607,-18.094357076780753,-9.800325998370008,-8.762644083744997,-2.4153981632909827,67.00578034682081,30.842334969994546,19.77632296781233
HP,2022,4,2022-10-31,2022Q4,92,15284.0,4546.0,3145.0,12084.0,2717.0,7595.0,14801.0,-7.28759765625,-4.224464060529631,0.9342607746863019,-11.238380809595206,2.720163209792581,-9.888143176733777,2.688050598599512,-17.510433678098348,-1.4825319066649523,-4.920684292379473,60.096160211850375,27.887169785825282,18.35686777920411
HP,2023,1,2023-01-31,2023Q1,92,13512.0,4312.0,1405.0,11019.0,2809.0,7344.0,13828.0,-3.3048057932850594,-18.562874251497007,-6.573880143233568,-18.792576932111814,-8.813306852035751,-19.233306457524,-5.147382314122306,-16.75675675675675,-11.593823606385767,-25.22412838959601,62.36446138488066,29.466878796644487,20.313855944460517
HP,2023,2,2023-04-30,2023Q2,89,13317.0,4137.0,1923.0,9984.0,2929.0,7221.0,12913.0,-1.6748366013071947,-19.264311270125223,-6.617008967312699,-21.69193450576107,-9.392866866321803,-24.116439917914423,-4.058441558441562,-23.45975948196115,-1.4431616341030185,-21.683133380381094,64.91811899038461,29.11643305196314,22.682567954774257
HP,2023,3,2023-07-31,2023Q3,92,14123.0,4367.0,1673.0,10374.0,2822.0,7197.0,13196.0,-0.33236393851266977,-12.14599609375,2.191589870672961,-10.010911074740857,3.90625,-11.815708942536551,5.559584239787285,-1.3553196295459702,6.052414207404078,-8.966095139873664,63.931752458068246,29.644134586238252,21.38526826311003
HP,2023,4,2023-10-31,2023Q4,92,14046.0,4237.0,3107.0,10832.0,2985.0,6862.0,13817.0,-4.6547172432958135,-9.651086240947993,4.705971506517126,-6.648199445983383,4.414883362251776,-10.3608076795763,-2.9768719945042377,-6.797184337879458,-0.5452099412306177,-8.099973828840623,59.70402511078286,28.644713034667436,21.603821379460086
HP,2024,1,2024-01-31,2024Q1,92,13255.0,3804.0,2263.0,10297.0,2888.0,6928.0,13185.0,0.9618187117458543,-5.664488017429193,-4.574075414344647,-4.649985536592416,-4.939069423929099,-6.5523187222070955,-10.21949492565495,-11.781076066790352,-5.631496511462341,-1.9020130254588485,61.6043507817811,28.053545695866514,21.903678422449754
HP,2024,2,2024-04-30,2024Q2,90,14362.0,4319.0,2442.0,9777.0,3023.0,7512.0,12800.0,8.429561200923796,4.029912754466136,-2.919984831247635,-0.8750871215054579,-5.050014567349715,-2.073317307692313,13.538380651945324,4.399323181049075,8.35156544700113,7.847112713073523,66.46210494016569,28.557421875000003,23.6171875
HP,2024,3,2024-07-31,2024Q3,92,15447.0,4659.0,2785.0,10613.0,2906.0,7790.0,13519.0,3.700745473908418,8.239544254550513,5.617187499999998,2.447711427705368,8.550680167740609,2.3038365143628337,7.872192637184527,6.686512479963369,7.554658125609248,9.374778729731648,66.32356543861302,30.54870922405503,21.495672756860714
HP,2024,4,2024-10-31,2024Q4,92,16903.0,5117.0,3238.0,11054.0,3001.0,7720.0,14055.0,-0.898587933247752,12.503643252696017,3.9647902951401637,1.7225157414778813,4.15528125883351,2.049483013293951,9.830435715818853,20.769412320037773,9.425778468311009,20.34031040865727,64.5431518002533,31.9954464603344,21.351832088224832
Lenovo,2019,4,2019-03-31,2019Q1,90,7702.675,6707.938,2662.854,9815.076,1895.203,3434.66,11710.279,,,,,,,,,,,,,16.184097748653127
Lenovo,2020,1,2019-06-30,2019Q2,91,8062.384,8429.868,2717.405,10463.762,2048.391,3573.037,12512.153,4.028841282688833,,6.8476079861120365,,6.609077708618871,,25.670034517313667,,4.669923111126972,,30.471852618589754,55.048093881204935,16.371211253570827
Lenovo,2020,2,2019-09-30,2019Q3,92,9111.189,8309.171,3310.94,11339.441,2182.548,3816.91,13521.989,6.8253701263099265,,8.070841205346513,,8.368682315213217,,-1.4317780539386815,,13.008621271326204,,29.97833508724107,56.943974292539366,16.14073195888563
Lenovo,2020,3,2019-12-31,2019Q4,92,9967.751,9242.438,3520.919,11838.21,2264.626,3998.396,14102.836,4.754788559332024,,4.295573676328246,,4.3985325202538395,,11.231770293330111,,9.401209875022886,,30.368111057330463,57.24905359461034,16.057947493681414
Lenovo,2020,4,2020-03-31,2020Q1,91,8968.369,6274.541,3550.99,8717.632,1861.739,4946.914,10579.371,23.722462707545724,44.029219777212305,-24.98408830677745,-9.657395865632246,-26.36021831003167,-11.181207358964917,-32.11162466007346,-6.460957152555668,-10.026153341912325,16.431875939202946,46.68832143866591,66.73577706084795,17.597823159807895
Lenovo,2021,1,2020-06-30,2020Q2,91,9323.323,7055.799,3495.632,11306.548,2041.308,5126.69,13347.856,3.6341040090852594,43.48270113071877,26.168710786302896,6.679130282374257,29.697468303319074,8.054330746437088,12.451237469003695,-16.30000612109229,3.9578433938211033,15.639778507200841,40.538366086625196,45.44029168429746,15.29315269808125
Lenovo,2021,2,2020-09-30,2020Q3,92,9633.789,7252.176,3698.658,12266.356,2252.553,5242.331,14518.909,2.25566593650095,37.344894168319406,8.773341576355032,7.372584018519768,8.488957018534737,8.174256561677051,2.7832000316335703,-12.720823774116575,3.3299929649546645,5.73580462440193,38.88481355016926,45.331701576199706,15.51461614643359
Lenovo,2021,3,2020-12-31,2020Q4,92,11215.563,9326.966,4040.149,14459.338,2786.105,5785.801,17245.443,10.366953174074677,44.703050923420285,18.77919339531642,22.283510919364026,17.878023432549984,22.141252773856856,28.609206395432206,0.9145638845508008,16.419022671142148,12.518490881242927,35.0841837987327,44.22272782438816,16.155601221725647
Lenovo,2021,4,2021-03-31,2021Q1,90,11106.424,8476.764,3068.385,12942.183,2687.921,6380.576,15630.104,10.279907656692643,28.98093639792405,-9.366758511219453,47.74133547259096,-10.492561969296233,48.45984551768188,-9.115525884837595,35.097754560851534,-0.973103178146284,23.839953507711375,42.302520757124206,51.25799866718737,17.19707687165741
Lenovo,2022,1,2021-06-30,2021Q2,91,12221.607,8989.326,3175.812,14105.505,2823.742,7825.77,16929.247,22.649898692531846,52.647614737774305,8.311800100626332,26.831207948302715,8.988607254278502,24.75518610985421,6.04667063988098,27.40337416074352,10.040882645935344,31.086384114333487,45.825281902349474,46.94284955497429,16.67966685110094
Lenovo,2022,2,2021-09-30,2021Q3,92,12727.47,9568.707,3647.478,14862.921,3005.758,8727.816,17868.679,11.526610161044859,66.4873126096006,5.549165890248986,23.07177488336074,5.369648233083479,21.168185563830043,6.445210686540914,31.942564548902276,4.139087437519473,32.11281667057477,51.23252394330832,47.774629450783685,16.821377786237022
Lenovo,2022,3,2021-12-31,2021Q4,92,13578.741,12447.387,3756.468,16771.318,3355.214,8441.581,20126.532,-3.2795718883166236,45.90168241182162,12.63581376105083,16.70637860680064,12.839986164227057,15.98952870456447,30.084315467074084,33.4559062400356,6.688454186102977,21.07052494823487,47.09184227500785,50.31867010173437,16.670601770836626
Lenovo,2022,4,2022-03-31,2022Q1,90,13184.831,11289.547,3930.287,13829.497,2864.261,8300.658,16693.758,-1.6693910773349252,30.092612328416735,-17.055963739803747,6.805162652788499,-17.540786001434117,6.855984032987306,-9.301871951117135,33.18227332977539,-2.9009316843144672,18.71355712693843,54.477813256693295,63.98571430111782,17.15767653993786
Lenovo,2023,1,2022-06-30,2022Q2,91,13609.606,11646.783,3788.089,14086.717,2868.901,8867.663,16955.618,6.830844012607207,13.31361642368738,1.5686102554020254,0.15577184265784805,1.859937494472863,-0.13319622374383666,3.1643076555684546,29.562360960098676,3.221694688388488,11.356927120958815,55.45355993877068,61.54909924250477,16.920061539485026
Lenovo,2023,2,2022-09-30,2022Q3,92,12348.689,9786.759,5567.431,14212.963,2876.574,8417.891,17089.537,-5.072046603485059,-3.551002908402301,0.7898208133729101,-4.360378290974953,0.8962059790084353,-4.373016582675781,-15.97028123559956,2.2788031862612135,-9.26490450935905,-2.9760902991717852,55.94438569916773,57.692781963607324,16.832369419955615
Lenovo,2023,3,2022-12-31,2022Q4,92,10837.3,9288.512,5018.898,12654.361,2612.245,7502.055,15266.606,-10.879637191785918,-11.129739796372263,-10.666942000827762,-24.146862459960804,-10.96605964569104,-24.547605620500423,-5.0910316684001256,-25.377816243682304,-12.239266856586973,-20.189213418239593,57.87076218230221,57.47593577773606,17.11084310422369
Lenovo,2023,4,2023-03-31,2023Q1,90,9772.934,7940.378,4250.085,10491.721,2143.372,6371.858,12635.093,-15.065165477992359,-23.236712077524444,-17.2370532127442,-24.312470565345446,-17.09007669371848,-24.135194504904987,-14.513993199341302,-29.66610617768809,-9.821320808688515,-25.877442039264675,59.506546638058715,61.36085029211894,16.963642452018355
Lenovo,2024,1,2023-06-30,2023Q2,91,9284.233,7474.309,4354.802,10648.022,2251.905,5907.201,12899.927,-7.292331373360805,-33.384917762436395,2.096019396137394,-23.919452537796026,1.489755589192665,-24.410904258245548,-5.869607215172879,-35.825120121152764,-5.000555616153745,-31.781765026849417,52.469574583899245,54.36994011671539,17.456726693104542
Lenovo,2024,2,2023-09-30,2023Q3,92,10872.335,7809.892,3736.984,11888.026,2521.76,6169.642,14409.786,4.442730152571417,-26.70798422075078,11.704399567532441,-15.680653021787538,11.64539291898532,-16.35786288896974,4.489819727816968,-20.199404113251383,17.105365623633094,-11.955552528693536,46.73061599966219,48.79137316820667,17.50032929010882
Lenovo,2024,3,2023-12-31,2023Q4,92,10258.486,8944.694,3466.167,13119.563,2601.391,6218.91,15720.954,0.7985552484244707,-17.103913527693415,9.099149702847775,2.97609042900564,10.359474314743267,3.676218814999821,14.530316168264545,-3.70154013904489,-5.6459720933911495,-5.340942854770081,43.43691874493076,49.02443935654287,16.547284598631865
Lenovo,2024,4,2024-03-31,2024Q1,91,10505.427,8147.695,3559.831,11404.99,2428.127,6702.677,13833.117,7.77896769691151,5.191876529577399,-12.008412466571682,9.481718891978087,-13.06882706382827,8.704663419852675,-8.910299223204277,2.610921041794234,2.407187571343372,7.495118661396871,51.55043612488919,56.22042374831356,17.552999804743934
Lenovo,2025,1,2024-06-30,2024Q2,91,11924.646,8654.796,3911.121,12887.207,2559.849,7777.587,15447.056,16.03702520649586,31.662812895650582,11.66721137398028,19.745297783468075,12.996214814743379,21.02911695712124,6.2238584041253375,15.793928241393296,13.509389004368888,28.439753720097283,51.124499823739924,49.492494912946526,16.571759693238636
Lenovo,2025,2,2024-09-30,2024Q3,92,14229.35,9476.319,4178.915,15054.344,2795.75,9118.816,17850.094,17.24479584734957,47.80137972349125,15.556608327178978,23.874802859667742,16.81618833312757,26.63451442653304,9.492112812364372,21.337388532389422,19.32723202013711,30.87667000694885,51.628588930876035,46.72419596221734,15.662382506220975
Lenovo,2025,3,2024-12-31,2024Q4,92,13883.842,9972.362,3934.448,15836.889,2959.391,9147.679,18796.28,0.31652135540403137,47.09457123515215,5.30073399053248,19.56195533680716,5.1981341730998,20.712016093828733,5.234553627837979,11.489135346608826,-2.4281362114221605,35.340068700196106,53.05706000717692,47.59661624534216,15.744556901684803
