company_id,fiscal_year,fiscal_quarter,period_end,calendar_quarter,days,account_code,value,available_date,source_ref
Dell,2019,4,2019-02-01,2019Q1,91,accounts_payable,19213.0,2019-03-29,AccountsPayableCurrent@2019-02-01
Dell,2019,4,2019-02-01,2019Q1,91,accounts_receivable,12371.0,2019-03-29,AccountsReceivableNetCurrent@2019-02-01
Dell,2019,4,2019-02-01,2019Q1,91,cash,9676.0,2019-03-29,CashAndCashEquivalentsAtCarryingValue@2019-02-01
Dell,2019,4,2019-02-01,2019Q1,91,cogs,16732.0,2019-03-29,q4=FY(CostOfRevenue@2018-02-03~2019-02-01)-9M(CostOfRevenue@2018-02-03~2018-11-02)
Dell,2019,4,2019-02-01,2019Q1,91,gross_profit,7109.0,2019-03-29,"rev_minus_cogs:q4=FY(Revenues@2018-02-03~2019-02-01)-9M(Revenues@2018-02-03~2018-11-02),q4=FY(CostOfRevenue@2018-02-03~2019-02-01)-9M(CostOfRevenue@2018-02-03~2018-11-02)"
Dell,2019,4,2019-02-01,2019Q1,91,inventory,3649.0,2019-03-29,InventoryNet@2019-02-01
Dell,2019,4,2019-02-01,2019Q1,91,revenue,23841.0,2019-03-29,q4=FY(Revenues@2018-02-03~2019-02-01)-9M(Revenues@2018-02-03~2018-11-02)
Dell,2020,1,2019-05-03,2019Q2,91,accounts_payable,18097.0,2019-06-10,AccountsPayableCurrent@2019-05-03
Dell,2020,1,2019-05-03,2019Q2,91,accounts_receivable,10517.0,2019-06-10,AccountsReceivableNetCurrent@2019-05-03
Dell,2020,1,2019-05-03,2019Q2,91,cash,9040.0,2019-06-10,CashAndCashEquivalentsAtCarryingValue@2019-05-03
Dell,2020,1,2019-05-03,2019Q2,91,cogs,15111.0,2019-06-10,CostOfRevenue@2019-02-02~2019-05-03
Dell,2020,1,2019-05-03,2019Q2,91,gross_profit,6797.0,2019-06-10,"rev_minus_cogs:Revenues@2019-02-02~2019-05-03,CostOfRevenue@2019-02-02~2019-05-03"
Dell,2020,1,2019-05-03,2019Q2,91,inventory,3360.0,2019-06-10,InventoryNet@2019-05-03
Dell,2020,1,2019-05-03,2019Q2,91,revenue,21908.0,2019-06-10,Revenues@2019-02-02~2019-05-03
Dell,2020,2,2019-08-02,2019Q3,91,accounts_payable,19411.0,2019-09-10,AccountsPayableCurrent@2019-08-02
Dell,2020,2,2019-08-02,2019Q3,91,accounts_receivable,11586.0,2019-09-10,AccountsReceivableNetCurrent@2019-08-02
Dell,2020,2,2019-08-02,2019Q3,91,cash,9193.0,2019-09-10,CashAndCashEquivalentsAtCarryingValue@2019-08-02
Dell,2020,2,2019-08-02,2019Q3,91,cogs,16044.0,2019-09-10,CostOfRevenue@2019-05-04~2019-08-02
Dell,2020,2,2019-08-02,2019Q3,91,gross_profit,7326.0,2019-09-10,"rev_minus_cogs:Revenues@2019-05-04~2019-08-02,CostOfRevenue@2019-05-04~2019-08-02"
Dell,2020,2,2019-08-02,2019Q3,91,inventory,3135.0,2019-09-10,InventoryNet@2019-08-02
Dell,2020,2,2019-08-02,2019Q3,91,revenue,23370.0,2019-09-10,Revenues@2019-05-04~2019-08-02
Dell,2020,3,2019-11-01,2019Q4,91,accounts_payable,19443.0,2019-12-09,AccountsPayableCurrent@2019-11-01
Dell,2020,3,2019-11-01,2019Q4,91,accounts_receivable,11447.0,2019-12-09,AccountsReceivableNetCurrent@2019-11-01
Dell,2020,3,2019-11-01,2019Q4,91,cash,8555.0,2019-12-09,CashAndCashEquivalentsAtCarryingValue@2019-11-01
Dell,2020,3,2019-11-01,2019Q4,91,cogs,15718.0,2019-12-09,CostOfRevenue@2019-08-03~2019-11-01
Dell,2020,3,2019-11-01,2019Q4,91,gross_profit,7126.0,2019-12-09,"rev_minus_cogs:Revenues@2019-08-03~2019-11-01,CostOfRevenue@2019-08-03~2019-11-01"
Dell,2020,3,2019-11-01,2019Q4,91,inventory,3257.0,2019-12-09,InventoryNet@2019-11-01
Dell,2020,3,2019-11-01,2019Q4,91,revenue,22844.0,2019-12-09,Revenues@2019-08-03~2019-11-01
Dell,2020,4,2020-01-31,2020Q1,91,accounts_payable,20065.0,2020-03-27,AccountsPayableCurrent@2020-01-31
Dell,2020,4,2020-01-31,2020Q1,91,accounts_receivable,12484.0,2020-03-27,AccountsReceivableNetCurrent@2020-01-31
Dell,2020,4,2020-01-31,2020Q1,91,cash,9302.0,2020-03-27,CashAndCashEquivalentsAtCarryingValue@2020-01-31
Dell,2020,4,2020-01-31,2020Q1,91,cogs,16348.0,2020-03-27,q4=FY(CostOfRevenue@2019-02-02~2020-01-31)-9M(CostOfRevenue@2019-02-02~2019-11-01)
Dell,2020,4,2020-01-31,2020Q1,91,gross_profit,7684.0,2020-03-27,"rev_minus_cogs:q4=FY(Revenues@2019-02-02~2020-01-31)-9M(Revenues@2019-02-02~2019-11-01),q4=FY(CostOfRevenue@2019-02-02~2020-01-31)-9M(CostOfRevenue@2019-02-02~2019-11-01)"
Dell,2020,4,2020-01-31,2020Q1,91,inventory,3281.0,2020-03-27,InventoryNet@2020-01-31
Dell,2020,4,2020-01-31,2020Q1,91,revenue,24032.0,2020-03-27,q4=FY(Revenues@2019-02-02~2020-01-31)-9M(Revenues@2019-02-02~2019-11-01)
Dell,2021,1,2020-05-01,2020Q2,91,accounts_payable,18432.0,2020-06-08,AccountsPayableCurrent@2020-05-01
Dell,2021,1,2020-05-01,2020Q2,91,accounts_receivable,10797.0,2020-06-08,AccountsReceivableNetCurrent@2020-05-01
Dell,2021,1,2020-05-01,2020Q2,91,cash,12229.0,2020-06-08,CashAndCashEquivalentsAtCarryingValue@2020-05-01
Dell,2021,1,2020-05-01,2020Q2,91,cogs,15044.0,2020-06-08,CostOfRevenue@2020-02-01~2020-05-01
Dell,2021,1,2020-05-01,2020Q2,91,gross_profit,6853.0,2020-06-08,"rev_minus_cogs:Revenues@2020-02-01~2020-05-01,CostOfRevenue@2020-02-01~2020-05-01"
Dell,2021,1,2020-05-01,2020Q2,91,inventory,3616.0,2020-06-08,InventoryNet@2020-05-01
Dell,2021,1,2020-05-01,2020Q2,91,revenue,21897.0,2020-06-08,Revenues@2020-02-01~2020-05-01
Dell,2021,2,2020-07-31,2020Q3,91,accounts_payable,19500.0,2020-09-04,AccountsPayableCurrent@2020-07-31
Dell,2021,2,2020-07-31,2020Q3,91,accounts_receivable,11643.0,2020-09-04,AccountsReceivableNetCurrent@2020-07-31
Dell,2021,2,2020-07-31,2020Q3,91,cash,11221.0,2020-09-04,CashAndCashEquivalentsAtCarryingValue@2020-07-31
Dell,2021,2,2020-07-31,2020Q3,91,cogs,15577.0,2020-09-04,CostOfRevenue@2020-05-02~2020-07-31
Dell,2021,2,2020-07-31,2020Q3,91,gross_profit,7156.0,2020-09-04,"rev_minus_cogs:Revenues@2020-05-02~2020-07-31,CostOfRevenue@2020-05-02~2020-07-31"
Dell,2021,2,2020-07-31,2020Q3,91,inventory,3602.0,2020-09-04,InventoryNet@2020-07-31
Dell,2021,2,2020-07-31,2020Q3,91,revenue,22733.0,2020-09-04,Revenues@2020-05-02~2020-07-31
Dell,2021,3,2020-10-30,2020Q4,91,accounts_payable,19792.0,2020-12-07,AccountsPayableCurrent@2020-10-30
Dell,2021,3,2020-10-30,2020Q4,91,accounts_receivable,11377.0,2020-12-07,AccountsReceivableNetCurrent@2020-10-30
Dell,2021,3,2020-10-30,2020Q4,91,cash,11304.0,2020-12-07,CashAndCashEquivalentsAtCarryingValue@2020-10-30
Dell,2021,3,2020-10-30,2020Q4,91,cogs,16221.0,2020-12-07,CostOfRevenue@2020-08-01~2020-10-30
Dell,2021,3,2020-10-30,2020Q4,91,gross_profit,7261.0,2020-12-07,"rev_minus_cogs:Revenues@2020-08-01~2020-10-30,CostOfRevenue@2020-08-01~2020-10-30"
Dell,2021,3,2020-10-30,2020Q4,91,inventory,3393.0,2020-12-07,InventoryNet@2020-10-30
Dell,2021,3,2020-10-30,2020Q4,91,revenue,23482.0,2020-12-07,Revenues@2020-08-01~2020-10-30
Dell,2021,4,2021-01-29,2021Q1,91,accounts_payable,21696.0,2021-03-26,AccountsPayableCurrent@2021-01-29
Dell,2021,4,2021-01-29,2021Q1,91,accounts_receivable,12788.0,2021-03-26,AccountsReceivableNetCurrent@2021-01-29
Dell,2021,4,2021-01-29,2021Q1,91,cash,14201.0,2021-03-26,CashAndCashEquivalentsAtCarryingValue@2021-01-29
Dell,2021,4,2021-01-29,2021Q1,91,cogs,17965.0,2021-03-26,q4=FY(CostOfRevenue@2020-02-01~2021-01-29)-9M(CostOfRevenue@2020-02-01~2020-10-30)
Dell,2021,4,2021-01-29,2021Q1,91,gross_profit,8147.0,2021-03-26,"rev_minus_cogs:q4=FY(Revenues@2020-02-01~2021-01-29)-9M(Revenues@2020-02-01~2020-10-30),q4=FY(CostOfRevenue@2020-02-01~2021-01-29)-9M(CostOfRevenue@2020-02-01~2020-10-30)"
Dell,2021,4,2021-01-29,2021Q1,91,inventory,3402.0,2021-03-26,InventoryNet@2021-01-29
Dell,2021,4,2021-01-29,2021Q1,91,revenue,26112.0,2021-03-26,q4=FY(Revenues@2020-02-01~2021-01-29)-9M(Revenues@2020-02-01~2020-10-30)
Dell,2022,1,2021-04-30,2021Q2,91,accounts_payable,21545.0,2021-06-07,AccountsPayableCurrent@2021-04-30
Dell,2022,1,2021-04-30,2021Q2,91,accounts_receivable,10909.0,2021-06-07,AccountsReceivableNetCurrent@2021-04-30
Dell,2022,1,2021-04-30,2021Q2,91,cash,14244.0,2021-06-07,CashAndCashEquivalentsAtCarryingValue@2021-04-30
Dell,2022,1,2021-04-30,2021Q2,91,cogs,16829.0,2021-06-07,CostOfRevenue@2021-01-30~2021-04-30
Dell,2022,1,2021-04-30,2021Q2,91,gross_profit,7658.0,2021-06-07,"rev_minus_cogs:Revenues@2021-01-30~2021-04-30,CostOfRevenue@2021-01-30~2021-04-30"
Dell,2022,1,2021-04-30,2021Q2,91,inventory,3828.0,2021-06-07,InventoryNet@2021-04-30
Dell,2022,1,2021-04-30,2021Q2,91,revenue,24487.0,2021-06-07,Revenues@2021-01-30~2021-04-30
Dell,2022,2,2021-07-30,2021Q3,91,accounts_payable,23029.0,2021-09-03,AccountsPayableCurrent@2021-07-30
Dell,2022,2,2021-07-30,2021Q3,91,accounts_receivable,12914.0,2021-09-03,AccountsReceivableNetCurrent@2021-07-30
Dell,2022,2,2021-07-30,2021Q3,91,cash,11719.0,2021-09-03,CashAndCashEquivalentsAtCarryingValue@2021-07-30
Dell,2022,2,2021-07-30,2021Q3,91,cogs,18137.0,2021-09-03,CostOfRevenue@2021-05-01~2021-07-30
Dell,2022,2,2021-07-30,2021Q3,91,gross_profit,7985.0,2021-09-03,"rev_minus_cogs:Revenues@2021-05-01~2021-07-30,CostOfRevenue@2021-05-01~2021-07-30"
Dell,2022,2,2021-07-30,2021Q3,91,inventory,4223.0,2021-09-03,InventoryNet@2021-07-30
Dell,2022,2,2021-07-30,2021Q3,91,revenue,26122.0,2021-09-03,Revenues@2021-05-01~2021-07-30
Dell,2022,3,2021-10-29,2021Q4,91,accounts_payable,26772.0,2021-12-03,AccountsPayableCurrent@2021-10-29
Dell,2022,3,2021-10-29,2021Q4,91,accounts_receivable,14177.0,2021-12-03,AccountsReceivableNetCurrent@2021-10-29
Dell,2022,3,2021-10-29,2021Q4,91,cash,22406.0,2021-12-03,CashAndCashEquivalentsAtCarryingValue@2021-10-29
Dell,2022,3,2021-10-29,2021Q4,91,cogs,20335.0,2021-12-03,CostOfRevenue@2021-07-31~2021-10-29
Dell,2022,3,2021-10-29,2021Q4,91,gross_profit,8059.0,2021-12-03,"rev_minus_cogs:Revenues@2021-07-31~2021-10-29,CostOfRevenue@2021-07-31~2021-10-29"
Dell,2022,3,2021-10-29,2021Q4,91,inventory,5442.0,2021-12-03,InventoryNet@2021-10-29
Dell,2022,3,2021-10-29,2021Q4,91,revenue,28394.0,2021-12-03,Revenues@2021-07-31~2021-10-29
Dell,2022,4,2022-01-28,2022Q1,91,accounts_payable,27143.0,2022-03-24,AccountsPayableCurrent@2022-01-28
Dell,2022,4,2022-01-28,2022Q1,91,accounts_receivable,12912.0,2022-03-24,AccountsReceivableNetCurrent@2022-01-28
Dell,2022,4,2022-01-28,2022Q1,91,cash,9477.0,2022-03-24,CashAndCashEquivalentsAtCarryingValue@2022-01-28
Dell,2022,4,2022-01-28,2022Q1,91,cogs,24005.0,2022-03-24,q4=FY(CostOfRevenue@2021-01-30~2022-01-28)-9M(CostOfRevenue@2021-01-30~2021-10-29)
Dell,2022,4,2022-01-28,2022Q1,91,gross_profit,-1811.0,2022-03-24,"rev_minus_cogs:q4=FY(Revenues@2021-01-30~2022-01-28)-9M(Revenues@2021-01-30~2021-10-29),q4=FY(CostOfRevenue@2021-01-30~2022-01-28)-9M(CostOfRevenue@2021-01-30~2021-10-29)"
Dell,2022,4,2022-01-28,2022Q1,91,inventory,5898.0,2022-03-24,InventoryNet@2022-01-28
Dell,2022,4,2022-01-28,2022Q1,91,revenue,22194.0,2022-03-24,q4=FY(Revenues@2021-01-30~2022-01-28)-9M(Revenues@2021-01-30~2021-10-29)
Dell,2023,1,2022-04-29,2022Q2,91,accounts_payable,25585.0,2022-06-06,AccountsPayableCurrent@2022-04-29
Dell,2023,1,2022-04-29,2022Q2,91,accounts_receivable,11837.0,2022-06-06,AccountsReceivableNetCurrent@2022-04-29
Dell,2023,1,2022-04-29,2022Q2,91,cash,6654.0,2022-06-06,CashAndCashEquivalentsAtCarryingValue@2022-04-29
Dell,2023,1,2022-04-29,2022Q2,91,cogs,20332.0,2022-06-06,CostOfRevenue@2022-01-29~2022-04-29
Dell,2023,1,2022-04-29,2022Q2,91,gross_profit,5784.0,2022-06-06,"rev_minus_cogs:Revenues@2022-01-29~2022-04-29,CostOfRevenue@2022-01-29~2022-04-29"
Dell,2023,1,2022-04-29,2022Q2,91,inventory,6277.0,2022-06-06,InventoryNet@2022-04-29
Dell,2023,1,2022-04-29,2022Q2,91,revenue,26116.0,2022-06-06,Revenues@2022-01-29~2022-04-29
Dell,2023,2,2022-07-29,2022Q3,91,accounts_payable,25339.0,2022-09-01,AccountsPayableCurrent@2022-07-29
Dell,2023,2,2022-07-29,2022Q3,91,accounts_receivable,13431.0,2022-09-01,AccountsReceivableNetCurrent@2022-07-29
Dell,2023,2,2022-07-29,2022Q3,91,cash,5507.0,2022-09-01,CashAndCashEquivalentsAtCarryingValue@2022-07-29
Dell,2023,2,2022-07-29,2022Q3,91,cogs,20986.0,2022-09-01,CostOfRevenue@2022-04-30~2022-07-29
Dell,2023,2,2022-07-29,2022Q3,91,gross_profit,5439.0,2022-09-01,"rev_minus_cogs:Revenues@2022-04-30~2022-07-29,CostOfRevenue@2022-04-30~2022-07-29"
Dell,2023,2,2022-07-29,2022Q3,91,inventory,5883.0,2022-09-01,InventoryNet@2022-07-29
Dell,2023,2,2022-07-29,2022Q3,91,revenue,26425.0,2022-09-01,Revenues@2022-04-30~2022-07-29
Dell,2023,3,2022-10-28,2022Q4,91,accounts_payable,22507.0,2022-12-05,AccountsPayableCurrent@2022-10-28
Dell,2023,3,2022-10-28,2022Q4,91,accounts_receivable,11431.0,2022-12-05,AccountsReceivableNetCurrent@2022-10-28
Dell,2023,3,2022-10-28,2022Q4,91,cash,4909.0,2022-12-05,CashAndCashEquivalentsAtCarryingValue@2022-10-28
Dell,2023,3,2022-10-28,2022Q4,91,cogs,19014.0,2022-12-05,CostOfRevenue@2022-07-30~2022-10-28
Dell,2023,3,2022-10-28,2022Q4,91,gross_profit,5707.0,2022-12-05,"rev_minus_cogs:Revenues@2022-07-30~2022-10-28,CostOfRevenue@2022-07-30~2022-10-28"
Dell,2023,3,2022-10-28,2022Q4,91,inventory,6172.0,2022-12-05,InventoryNet@2022-10-28
Dell,2023,3,2022-10-28,2022Q4,91,revenue,24721.0,2022-12-05,Revenues@2022-07-30~2022-10-28
Dell,2023,4,2023-02-03,2023Q1,98,accounts_payable,18598.0,2023-03-30,AccountsPayableCurrent@2023-02-03
Dell,2023,4,2023-02-03,2023Q1,98,accounts_receivable,12482.0,2023-03-30,AccountsReceivableNetCurrent@2023-02-03
Dell,2023,4,2023-02-03,2023Q1,98,cash,8607.0,2023-03-30,CashAndCashEquivalentsAtCarryingValue@2023-02-03
Dell,2023,4,2023-02-03,2023Q1,98,cogs,19283.0,2023-03-30,q4=FY(CostOfRevenue@2022-01-29~2023-02-03)-9M(CostOfRevenue@2022-01-29~2022-10-28)
Dell,2023,4,2023-02-03,2023Q1,98,gross_profit,5756.0,2023-03-30,"rev_minus_cogs:q4=FY(Revenues@2022-01-29~2023-02-03)-9M(Revenues@2022-01-29~2022-10-28),q4=FY(CostOfRevenue@2022-01-29~2023-02-03)-9M(CostOfRevenue@2022-01-29~2022-10-28)"
Dell,2023,4,2023-02-03,2023Q1,98,inventory,4776.0,2023-03-30,InventoryNet@2023-02-03
Dell,2023,4,2023-02-03,2023Q1,98,revenue,25039.0,2023-03-30,q4=FY(Revenues@2022-01-29~2023-02-03)-9M(Revenues@2022-01-29~2022-10-28)
Dell,2024,1,2023-05-05,2023Q2,91,accounts_payable,17796.0,2023-06-12,AccountsPayableCurrent@2023-05-05
Dell,2024,1,2023-05-05,2023Q2,91,accounts_receivable,9399.0,2023-06-12,AccountsReceivableNetCurrent@2023-05-05
Dell,2024,1,2023-05-05,2023Q2,91,cash,7631.0,2023-06-12,CashAndCashEquivalentsAtCarryingValue@2023-05-05
Dell,2024,1,2023-05-05,2023Q2,91,cogs,15904.0,2023-06-12,CostOfRevenue@2023-02-04~2023-05-05
Dell,2024,1,2023-05-05,2023Q2,91,gross_profit,5018.0,2023-06-12,"rev_minus_cogs:Revenues@2023-02-04~2023-05-05,CostOfRevenue@2023-02-04~2023-05-05"
Dell,2024,1,2023-05-05,2023Q2,91,inventory,4016.0,2023-06-12,InventoryNet@2023-05-05
Dell,2024,1,2023-05-05,2023Q2,91,revenue,20922.0,2023-06-12,Revenues@2023-02-04~2023-05-05
Dell,2024,2,2023-08-04,2023Q3,91,accounts_payable,19969.0,2023-09-12,accn=0001571996-23-000032;R2.htm;Accounts payable & Due to related party
Dell,2024,2,2023-08-04,2023Q3,91,accounts_receivable,10351.0,2023-09-12,accn=0001571996-23-000032;R2.htm;Accounts receivable
Dell,2024,2,2023-08-04,2023Q3,91,cash,8364.0,2023-09-12,CashAndCashEquivalentsAtCarryingValue@2023-08-04
Dell,2024,2,2023-08-04,2023Q3,91,cogs,17547.0,2023-09-12,CostOfRevenue@2023-05-06~2023-08-04
Dell,2024,2,2023-08-04,2023Q3,91,gross_profit,5387.0,2023-09-12,"rev_minus_cogs:Revenues@2023-05-06~2023-08-04,CostOfRevenue@2023-05-06~2023-08-04"
Dell,2024,2,2023-08-04,2023Q3,91,inventory,3584.0,2023-09-12,InventoryNet@2023-08-04
Dell,2024,2,2023-08-04,2023Q3,91,revenue,22934.0,2023-09-12,Revenues@2023-05-06~2023-08-04
Dell,2024,3,2023-11-03,2023Q4,91,accounts_payable,19478.0,2023-12-08,accn=0001571996-23-000046;R2.htm;Accounts payable & Due to related party
Dell,2024,3,2023-11-03,2023Q4,91,accounts_receivable,9720.0,2023-12-08,accn=0001571996-23-000046;R2.htm;Accounts receivable
Dell,2024,3,2023-11-03,2023Q4,91,cash,8298.0,2023-12-08,CashAndCashEquivalentsAtCarryingValue@2023-11-03
Dell,2024,3,2023-11-03,2023Q4,91,cogs,17103.0,2023-12-08,CostOfRevenue@2023-08-05~2023-11-03
Dell,2024,3,2023-11-03,2023Q4,91,gross_profit,5148.0,2023-12-08,"rev_minus_cogs:Revenues@2023-08-05~2023-11-03,CostOfRevenue@2023-08-05~2023-11-03"
Dell,2024,3,2023-11-03,2023Q4,91,inventory,3381.0,2023-12-08,InventoryNet@2023-11-03
Dell,2024,3,2023-11-03,2023Q4,91,revenue,22251.0,2023-12-08,Revenues@2023-08-05~2023-11-03
Dell,2024,4,2024-02-02,2024Q1,91,accounts_payable,19389.0,2024-03-25,AccountsPayableCurrent@2024-02-02;date_patch:10-K accn=0001571996-24-000036 (原 companyfacts 仅
Dell,2024,4,2024-02-02,2024Q1,91,accounts_receivable,9343.0,2024-03-25,AccountsReceivableNetCurrent@2024-02-02;date_patch:10-K accn=0001571996-24-000036 (原 companyfacts 仅
Dell,2024,4,2024-02-02,2024Q1,91,cash,7366.0,2024-03-25,CashAndCashEquivalentsAtCarryingValue@2024-02-02
Dell,2024,4,2024-02-02,2024Q1,91,cogs,17002.0,2024-03-25,q4=FY(CostOfRevenue@2023-02-04~2024-02-02)-9M(CostOfRevenue@2023-02-04~2023-11-03)
Dell,2024,4,2024-02-02,2024Q1,91,gross_profit,5316.0,2024-03-25,"rev_minus_cogs:q4=FY(Revenues@2023-02-04~2024-02-02)-9M(Revenues@2023-02-04~2023-11-03),q4=FY(CostOfRevenue@2023-02-04~2024-02-02)-9M(CostOfRevenue@2023-02-04~2023-11-03)"
Dell,2024,4,2024-02-02,2024Q1,91,inventory,3622.0,2024-03-25,InventoryNet@2024-02-02
Dell,2024,4,2024-02-02,2024Q1,91,revenue,22318.0,2024-03-25,q4=FY(Revenues@2023-02-04~2024-02-02)-9M(Revenues@2023-02-04~2023-11-03)
Dell,2025,1,2024-05-03,2024Q2,91,accounts_payable,20586.0,2024-06-11,AccountsPayableCurrent@2024-05-03
Dell,2025,1,2024-05-03,2024Q2,91,accounts_receivable,8563.0,2024-06-11,AccountsReceivableNetCurrent@2024-05-03
Dell,2025,1,2024-05-03,2024Q2,91,cash,5830.0,2024-06-11,CashAndCashEquivalentsAtCarryingValue@2024-05-03
Dell,2025,1,2024-05-03,2024Q2,91,cogs,17438.0,2024-06-11,CostOfRevenue@2024-02-03~2024-05-03
Dell,2025,1,2024-05-03,2024Q2,91,gross_profit,4806.0,2024-06-11,"rev_minus_cogs:Revenues@2024-02-03~2024-05-03,CostOfRevenue@2024-02-03~2024-05-03"
Dell,2025,1,2024-05-03,2024Q2,91,inventory,4782.0,2024-06-11,InventoryNet@2024-05-03
Dell,2025,1,2024-05-03,2024Q2,91,revenue,22244.0,2024-06-11,Revenues@2024-02-03~2024-05-03
Dell,2025,2,2024-08-02,2024Q3,91,accounts_payable,24095.0,2024-09-10,AccountsPayableCurrent@2024-08-02
Dell,2025,2,2024-08-02,2024Q3,91,accounts_receivable,11391.0,2024-09-10,AccountsReceivableNetCurrent@2024-08-02
Dell,2025,2,2024-08-02,2024Q3,91,cash,4550.0,2024-09-10,CashAndCashEquivalentsAtCarryingValue@2024-08-02
Dell,2025,2,2024-08-02,2024Q3,91,cogs,19715.0,2024-09-10,CostOfRevenue@2024-05-04~2024-08-02
Dell,2025,2,2024-08-02,2024Q3,91,gross_profit,5311.0,2024-09-10,"rev_minus_cogs:Revenues@2024-05-04~2024-08-02,CostOfRevenue@2024-05-04~2024-08-02"
Dell,2025,2,2024-08-02,2024Q3,91,inventory,5953.0,2024-09-10,InventoryNet@2024-08-02
Dell,2025,2,2024-08-02,2024Q3,91,revenue,25026.0,2024-09-10,Revenues@2024-05-04~2024-08-02
Dell,2025,3,2024-11-01,2024Q4,91,accounts_payable,23400.0,2024-12-10,AccountsPayableCurrent@2024-11-01
Dell,2025,3,2024-11-01,2024Q4,91,accounts_receivable,11189.0,2024-12-10,AccountsReceivableNetCurrent@2024-11-01
Dell,2025,3,2024-11-01,2024Q4,91,cash,5225.0,2024-12-10,CashAndCashEquivalentsAtCarryingValue@2024-11-01
Dell,2025,3,2024-11-01,2024Q4,91,cogs,19059.0,2024-12-10,CostOfRevenue@2024-08-03~2024-11-01
Dell,2025,3,2024-11-01,2024Q4,91,gross_profit,5307.0,2024-12-10,"rev_minus_cogs:Revenues@2024-08-03~2024-11-01,CostOfRevenue@2024-08-03~2024-11-01"
Dell,2025,3,2024-11-01,2024Q4,91,inventory,6652.0,2024-12-10,InventoryNet@2024-11-01
Dell,2025,3,2024-11-01,2024Q4,91,revenue,24366.0,2024-12-10,Revenues@2024-08-03~2024-11-01
HP,2019,1,2019-01-31,2019Q1,92,accounts_payable,14572.0,2019-03-05,AccountsPayableCurrent@2019-01-31
HP,2019,1,2019-01-31,2019Q1,92,accounts_receivable,5113.0,2019-03-05,AccountsReceivableNetCurrent@2019-01-31
HP,2019,1,2019-01-31,2019Q1,92,cash,3367.0,2019-03-05,CashAndCashEquivalentsAtCarryingValue@2019-01-31
HP,2019,1,2019-01-31,2019Q1,92,cogs,12098.0,2019-03-05,CostOfRevenue@2018-11-01~2019-01-31
HP,2019,1,2019-01-31,2019Q1,92,gross_profit,2612.0,2019-03-05,"rev_minus_cogs:Revenues@2018-11-01~2019-01-31,CostOfRevenue@2018-11-01~2019-01-31"
HP,2019,1,2019-01-31,2019Q1,92,inventory,5649.0,2019-03-05,InventoryNet@2019-01-31
HP,2019,1,2019-01-31,2019Q1,92,revenue,14710.0,2019-03-05,Revenues@2018-11-01~2019-01-31
HP,2019,2,2019-04-30,2019Q2,89,accounts_payable,13839.0,2019-05-30,AccountsPayableCurrent@2019-04-30
HP,2019,2,2019-04-30,2019Q2,89,accounts_receivable,5414.0,2019-05-30,AccountsReceivableNetCurrent@2019-04-30
HP,2019,2,2019-04-30,2019Q2,89,cash,3556.0,2019-05-30,CashAndCashEquivalentsAtCarryingValue@2019-04-30
HP,2019,2,2019-04-30,2019Q2,89,cogs,11307.0,2019-05-30,CostOfRevenue@2019-02-01~2019-04-30
HP,2019,2,2019-04-30,2019Q2,89,gross_profit,2729.0,2019-05-30,"rev_minus_cogs:Revenues@2019-02-01~2019-04-30,CostOfRevenue@2019-02-01~2019-04-30"
HP,2019,2,2019-04-30,2019Q2,89,inventory,5394.0,2019-05-30,InventoryNet@2019-04-30
HP,2019,2,2019-04-30,2019Q2,89,revenue,14036.0,2019-05-30,Revenues@2019-02-01~2019-04-30
HP,2019,3,2019-07-31,2019Q3,92,accounts_payable,14648.0,2019-08-29,AccountsPayableCurrent@2019-07-31
HP,2019,3,2019-07-31,2019Q3,92,accounts_receivable,5295.0,2019-08-29,AccountsReceivableNetCurrent@2019-07-31
HP,2019,3,2019-07-31,2019Q3,92,cash,4919.0,2019-08-29,CashAndCashEquivalentsAtCarryingValue@2019-07-31
HP,2019,3,2019-07-31,2019Q3,92,cogs,11698.0,2019-08-29,CostOfRevenue@2019-05-01~2019-07-31
HP,2019,3,2019-07-31,2019Q3,92,gross_profit,2905.0,2019-08-29,"rev_minus_cogs:Revenues@2019-05-01~2019-07-31,CostOfRevenue@2019-05-01~2019-07-31"
HP,2019,3,2019-07-31,2019Q3,92,inventory,5716.0,2019-08-29,InventoryNet@2019-07-31
HP,2019,3,2019-07-31,2019Q3,92,revenue,14603.0,2019-08-29,Revenues@2019-05-01~2019-07-31
HP,2019,4,2019-10-31,2019Q4,92,accounts_payable,14793.0,2019-12-12,AccountsPayableCurrent@2019-10-31
HP,2019,4,2019-10-31,2019Q4,92,accounts_receivable,6031.0,2019-12-12,AccountsReceivableNetCurrent@2019-10-31
HP,2019,4,2019-10-31,2019Q4,92,cash,4537.0,2019-12-12,CashAndCashEquivalentsAtCarryingValue@2019-10-31
HP,2019,4,2019-10-31,2019Q4,92,cogs,12483.0,2019-12-12,q4=FY(CostOfRevenue@2018-11-01~2019-10-31)-9M(CostOfRevenue@2018-11-01~2019-07-31)
HP,2019,4,2019-10-31,2019Q4,92,gross_profit,2924.0,2019-12-12,"rev_minus_cogs:q4=FY(Revenues@2018-11-01~2019-10-31)-9M(Revenues@2018-11-01~2019-07-31),q4=FY(CostOfRevenue@2018-11-01~2019-10-31)-9M(CostOfRevenue@2018-11-01~2019-07-31)"
HP,2019,4,2019-10-31,2019Q4,92,inventory,5734.0,2019-12-12,InventoryNet@2019-10-31
HP,2019,4,2019-10-31,2019Q4,92,revenue,15407.0,2019-12-12,q4=FY(Revenues@2018-11-01~2019-10-31)-9M(Revenues@2018-11-01~2019-07-31)
HP,2020,1,2020-01-31,2020Q1,92,accounts_payable,12808.0,2020-03-05,AccountsPayableCurrent@2020-01-31
HP,2020,1,2020-01-31,2020Q1,92,accounts_receivable,4857.0,2020-03-05,AccountsReceivableNetCurrent@2020-01-31
HP,2020,1,2020-01-31,2020Q1,92,cash,4205.0,2020-03-05,CashAndCashEquivalentsAtCarryingValue@2020-01-31
HP,2020,1,2020-01-31,2020Q1,92,cogs,11746.0,2020-03-05,CostOfRevenue@2019-11-01~2020-01-31
HP,2020,1,2020-01-31,2020Q1,92,gross_profit,2872.0,2020-03-05,"rev_minus_cogs:Revenues@2019-11-01~2020-01-31,CostOfRevenue@2019-11-01~2020-01-31"
HP,2020,1,2020-01-31,2020Q1,92,inventory,4946.0,2020-03-05,InventoryNet@2020-01-31
HP,2020,1,2020-01-31,2020Q1,92,revenue,14618.0,2020-03-05,Revenues@2019-11-01~2020-01-31
HP,2020,2,2020-04-30,2020Q2,90,accounts_payable,14195.0,2020-06-05,AccountsPayableCurrent@2020-04-30
HP,2020,2,2020-04-30,2020Q2,90,accounts_receivable,5146.0,2020-06-05,AccountsReceivableNetCurrent@2020-04-30
HP,2020,2,2020-04-30,2020Q2,90,cash,4054.0,2020-06-05,CashAndCashEquivalentsAtCarryingValue@2020-04-30
HP,2020,2,2020-04-30,2020Q2,90,cogs,9976.0,2020-06-05,CostOfRevenue@2020-02-01~2020-04-30
HP,2020,2,2020-04-30,2020Q2,90,gross_profit,2493.0,2020-06-05,"rev_minus_cogs:Revenues@2020-02-01~2020-04-30,CostOfRevenue@2020-02-01~2020-04-30"
HP,2020,2,2020-04-30,2020Q2,90,inventory,6354.0,2020-06-05,InventoryNet@2020-04-30
HP,2020,2,2020-04-30,2020Q2,90,revenue,12469.0,2020-06-05,Revenues@2020-02-01~2020-04-30
HP,2020,3,2020-07-31,2020Q3,92,accounts_payable,14276.0,2020-09-04,AccountsPayableCurrent@2020-07-31
HP,2020,3,2020-07-31,2020Q3,92,accounts_receivable,5269.0,2020-09-04,AccountsReceivableNetCurrent@2020-07-31
HP,2020,3,2020-07-31,2020Q3,92,cash,4679.0,2020-09-04,CashAndCashEquivalentsAtCarryingValue@2020-07-31
HP,2020,3,2020-07-31,2020Q3,92,cogs,11901.0,2020-09-04,CostOfRevenue@2020-05-01~2020-07-31
HP,2020,3,2020-07-31,2020Q3,92,gross_profit,2393.0,2020-09-04,"rev_minus_cogs:Revenues@2020-05-01~2020-07-31,CostOfRevenue@2020-05-01~2020-07-31"
HP,2020,3,2020-07-31,2020Q3,92,inventory,5896.0,2020-09-04,InventoryNet@2020-07-31
HP,2020,3,2020-07-31,2020Q3,92,revenue,14294.0,2020-09-04,Revenues@2020-05-01~2020-07-31
HP,2020,4,2020-10-31,2020Q4,92,accounts_payable,14704.0,2020-12-10,AccountsPayableCurrent@2020-10-31
HP,2020,4,2020-10-31,2020Q4,92,accounts_receivable,5381.0,2020-12-10,AccountsReceivableNetCurrent@2020-10-31
HP,2020,4,2020-10-31,2020Q4,92,cash,4864.0,2020-12-10,CashAndCashEquivalentsAtCarryingValue@2020-10-31
HP,2020,4,2020-10-31,2020Q4,92,cogs,12579.0,2020-12-10,q4=FY(CostOfRevenue@2019-11-01~2020-10-31)-9M(CostOfRevenue@2019-11-01~2020-07-31)
HP,2020,4,2020-10-31,2020Q4,92,gross_profit,2679.0,2020-12-10,"rev_minus_cogs:q4=FY(Revenues@2019-11-01~2020-10-31)-9M(Revenues@2019-11-01~2020-07-31),q4=FY(CostOfRevenue@2019-11-01~2020-10-31)-9M(CostOfRevenue@2019-11-01~2020-07-31)"
HP,2020,4,2020-10-31,2020Q4,92,inventory,5963.0,2020-12-10,InventoryNet@2020-10-31
HP,2020,4,2020-10-31,2020Q4,92,revenue,15258.0,2020-12-10,q4=FY(Revenues@2019-11-01~2020-10-31)-9M(Revenues@2019-11-01~2020-07-31)
HP,2021,1,2021-01-31,2021Q1,92,accounts_payable,14960.0,2021-03-05,AccountsPayableCurrent@2021-01-31
HP,2021,1,2021-01-31,2021Q1,92,accounts_receivable,5273.0,2021-03-05,AccountsReceivableNetCurrent@2021-01-31
HP,2021,1,2021-01-31,2021Q1,92,cash,4160.0,2021-03-05,CashAndCashEquivalentsAtCarryingValue@2021-01-31
HP,2021,1,2021-01-31,2021Q1,92,cogs,12322.0,2021-03-05,CostOfRevenue@2020-11-01~2021-01-31
HP,2021,1,2021-01-31,2021Q1,92,gross_profit,3324.0,2021-03-05,"rev_minus_cogs:Revenues@2020-11-01~2021-01-31,CostOfRevenue@2020-11-01~2021-01-31"
HP,2021,1,2021-01-31,2021Q1,92,inventory,6668.0,2021-03-05,InventoryNet@2021-01-31
HP,2021,1,2021-01-31,2021Q1,92,revenue,15646.0,2021-03-05,Revenues@2020-11-01~2021-01-31
HP,2021,2,2021-04-30,2021Q2,89,accounts_payable,15228.0,2021-06-04,AccountsPayableCurrent@2021-04-30
HP,2021,2,2021-04-30,2021Q2,89,accounts_receivable,4990.0,2021-06-04,AccountsReceivableNetCurrent@2021-04-30
HP,2021,2,2021-04-30,2021Q2,89,cash,3424.0,2021-06-04,CashAndCashEquivalentsAtCarryingValue@2021-04-30
HP,2021,2,2021-04-30,2021Q2,89,cogs,12437.0,2021-06-04,CostOfRevenue@2021-02-01~2021-04-30
HP,2021,2,2021-04-30,2021Q2,89,gross_profit,3440.0,2021-06-04,"rev_minus_cogs:Revenues@2021-02-01~2021-04-30,CostOfRevenue@2021-02-01~2021-04-30"
HP,2021,2,2021-04-30,2021Q2,89,inventory,7502.0,2021-06-04,InventoryNet@2021-04-30
HP,2021,2,2021-04-30,2021Q2,89,revenue,15877.0,2021-06-04,Revenues@2021-02-01~2021-04-30
HP,2021,3,2021-07-31,2021Q3,92,accounts_payable,15898.0,2021-09-03,AccountsPayableCurrent@2021-07-31
HP,2021,3,2021-07-31,2021Q3,92,accounts_receivable,4908.0,2021-09-03,AccountsReceivableNetCurrent@2021-07-31
HP,2021,3,2021-07-31,2021Q3,92,cash,3439.0,2021-09-03,CashAndCashEquivalentsAtCarryingValue@2021-07-31
HP,2021,3,2021-07-31,2021Q3,92,cogs,11901.0,2021-09-03,CostOfRevenue@2021-05-01~2021-07-31
HP,2021,3,2021-07-31,2021Q3,92,gross_profit,3388.0,2021-09-03,"rev_minus_cogs:Revenues@2021-05-01~2021-07-31,CostOfRevenue@2021-05-01~2021-07-31"
HP,2021,3,2021-07-31,2021Q3,92,inventory,8165.0,2021-09-03,InventoryNet@2021-07-31
HP,2021,3,2021-07-31,2021Q3,92,revenue,15289.0,2021-09-03,Revenues@2021-05-01~2021-07-31
HP,2021,4,2021-10-31,2021Q4,92,accounts_payable,16075.0,2021-12-09,AccountsPayableCurrent@2021-10-31
HP,2021,4,2021-10-31,2021Q4,92,accounts_receivable,5511.0,2021-12-09,AccountsReceivableNetCurrent@2021-10-31
HP,2021,4,2021-10-31,2021Q4,92,cash,4299.0,2021-12-09,CashAndCashEquivalentsAtCarryingValue@2021-10-31
HP,2021,4,2021-10-31,2021Q4,92,cogs,13410.0,2021-12-09,q4=FY(CostOfRevenue@2020-11-01~2021-10-31)-9M(CostOfRevenue@2020-11-01~2021-07-31)
HP,2021,4,2021-10-31,2021Q4,92,gross_profit,3265.0,2021-12-09,"rev_minus_cogs:q4=FY(Revenues@2020-11-01~2021-10-31)-9M(Revenues@2020-11-01~2021-07-31),q4=FY(CostOfRevenue@2020-11-01~2021-10-31)-9M(CostOfRevenue@2020-11-01~2021-07-31)"
HP,2021,4,2021-10-31,2021Q4,92,inventory,7930.0,2021-12-09,InventoryNet@2021-10-31
HP,2021,4,2021-10-31,2021Q4,92,revenue,16675.0,2021-12-09,q4=FY(Revenues@2020-11-01~2021-10-31)-9M(Revenues@2020-11-01~2021-07-31)
HP,2022,1,2022-01-31,2022Q1,92,accounts_payable,18070.0,2022-03-07,AccountsPayableCurrent@2022-01-31
HP,2022,1,2022-01-31,2022Q1,92,accounts_receivable,5180.0,2022-03-07,AccountsReceivableNetCurrent@2022-01-31
HP,2022,1,2022-01-31,2022Q1,92,cash,3394.0,2022-03-07,CashAndCashEquivalentsAtCarryingValue@2022-01-31
HP,2022,1,2022-01-31,2022Q1,92,cogs,13643.0,2022-03-07,CostOfRevenue@2021-11-01~2022-01-31
HP,2022,1,2022-01-31,2022Q1,92,gross_profit,3385.0,2022-03-07,"rev_minus_cogs:Revenues@2021-11-01~2022-01-31,CostOfRevenue@2021-11-01~2022-01-31"
HP,2022,1,2022-01-31,2022Q1,92,inventory,9018.0,2022-03-07,InventoryNet@2022-01-31
HP,2022,1,2022-01-31,2022Q1,92,revenue,17028.0,2022-03-07,Revenues@2021-11-01~2022-01-31
HP,2022,2,2022-04-30,2022Q2,89,accounts_payable,17004.0,2022-06-03,AccountsPayableCurrent@2022-04-30
HP,2022,2,2022-04-30,2022Q2,89,accounts_receivable,5405.0,2022-06-03,AccountsReceivableNetCurrent@2022-04-30
HP,2022,2,2022-04-30,2022Q2,89,cash,4477.0,2022-06-03,CashAndCashEquivalentsAtCarryingValue@2022-04-30
HP,2022,2,2022-04-30,2022Q2,89,cogs,13157.0,2022-06-03,CostOfRevenue@2022-02-01~2022-04-30
HP,2022,2,2022-04-30,2022Q2,89,gross_profit,3333.0,2022-06-03,"rev_minus_cogs:Revenues@2022-02-01~2022-04-30,CostOfRevenue@2022-02-01~2022-04-30"
HP,2022,2,2022-04-30,2022Q2,89,inventory,8944.0,2022-06-03,InventoryNet@2022-04-30
HP,2022,2,2022-04-30,2022Q2,89,revenue,16490.0,2022-06-03,Revenues@2022-02-01~2022-04-30
HP,2022,3,2022-07-31,2022Q3,92,accounts_payable,15514.0,2022-09-02,AccountsPayableCurrent@2022-07-31
HP,2022,3,2022-07-31,2022Q3,92,accounts_receivable,4427.0,2022-09-02,AccountsReceivableNetCurrent@2022-07-31
HP,2022,3,2022-07-31,2022Q3,92,cash,5386.0,2022-09-02,CashAndCashEquivalentsAtCarryingValue@2022-07-31
HP,2022,3,2022-07-31,2022Q3,92,cogs,11764.0,2022-09-02,CostOfRevenue@2022-05-01~2022-07-31
HP,2022,3,2022-07-31,2022Q3,92,gross_profit,2900.0,2022-09-02,"rev_minus_cogs:Revenues@2022-05-01~2022-07-31,CostOfRevenue@2022-05-01~2022-07-31"
HP,2022,3,2022-07-31,2022Q3,92,inventory,8192.0,2022-09-02,InventoryNet@2022-07-31
HP,2022,3,2022-07-31,2022Q3,92,revenue,14664.0,2022-09-02,Revenues@2022-05-01~2022-07-31
HP,2022,4,2022-10-31,2022Q4,92,accounts_payable,15284.0,2022-12-06,AccountsPayableCurrent@2022-10-31
HP,2022,4,2022-10-31,2022Q4,92,accounts_receivable,4546.0,2022-12-06,AccountsReceivableNetCurrent@2022-10-31
HP,2022,4,2022-10-31,2022Q4,92,cash,3145.0,2022-12-06,CashAndCashEquivalentsAtCarryingValue@2022-10-31
HP,2022,4,2022-10-31,2022Q4,92,cogs,12084.0,2022-12-06,q4=FY(CostOfRevenue@2021-11-01~2022-10-31)-9M(CostOfRevenue@2021-11-01~2022-07-31)
HP,2022,4,2022-10-31,2022Q4,92,gross_profit,2717.0,2022-12-06,"rev_minus_cogs:q4=FY(Revenues@2021-11-01~2022-10-31)-9M(Revenues@2021-11-01~2022-07-31),q4=FY(CostOfRevenue@2021-11-01~2022-10-31)-9M(CostOfRevenue@2021-11-01~2022-07-31)"
HP,2022,4,2022-10-31,2022Q4,92,inventory,7595.0,2022-12-06,InventoryNet@2022-10-31
HP,2022,4,2022-10-31,2022Q4,92,revenue,14801.0,2022-12-06,q4=FY(Revenues@2021-11-01~2022-10-31)-9M(Revenues@2021-11-01~2022-07-31)
HP,2023,1,2023-01-31,2023Q1,92,accounts_payable,13512.0,2023-03-01,AccountsPayableCurrent@2023-01-31
HP,2023,1,2023-01-31,2023Q1,92,accounts_receivable,4312.0,2023-03-01,AccountsReceivableNetCurrent@2023-01-31
HP,2023,1,2023-01-31,2023Q1,92,cash,1405.0,2023-03-01,CashAndCashEquivalentsAtCarryingValue@2023-01-31
HP,2023,1,2023-01-31,2023Q1,92,cogs,11019.0,2023-03-01,CostOfRevenue@2022-11-01~2023-01-31
HP,2023,1,2023-01-31,2023Q1,92,gross_profit,2809.0,2023-03-01,"rev_minus_cogs:Revenues@2022-11-01~2023-01-31,CostOfRevenue@2022-11-01~2023-01-31"
HP,2023,1,2023-01-31,2023Q1,92,inventory,7344.0,2023-03-01,InventoryNet@2023-01-31
HP,2023,1,2023-01-31,2023Q1,92,revenue,13828.0,2023-03-01,Revenues@2022-11-01~2023-01-31
HP,2023,2,2023-04-30,2023Q2,89,accounts_payable,13317.0,2023-05-31,AccountsPayableCurrent@2023-04-30
HP,2023,2,2023-04-30,2023Q2,89,accounts_receivable,4137.0,2023-05-31,AccountsReceivableNetCurrent@2023-04-30
HP,2023,2,2023-04-30,2023Q2,89,cash,1923.0,2023-05-31,CashAndCashEquivalentsAtCarryingValue@2023-04-30
HP,2023,2,2023-04-30,2023Q2,89,cogs,9984.0,2023-05-31,CostOfRevenue@2023-02-01~2023-04-30
HP,2023,2,2023-04-30,2023Q2,89,gross_profit,2929.0,2023-05-31,"rev_minus_cogs:Revenues@2023-02-01~2023-04-30,CostOfRevenue@2023-02-01~2023-04-30"
HP,2023,2,2023-04-30,2023Q2,89,inventory,7221.0,2023-05-31,InventoryNet@2023-04-30
HP,2023,2,2023-04-30,2023Q2,89,revenue,12913.0,2023-05-31,Revenues@2023-02-01~2023-04-30
HP,2023,3,2023-07-31,2023Q3,92,accounts_payable,14123.0,2023-09-11,AccountsPayableCurrent@2023-07-31
HP,2023,3,2023-07-31,2023Q3,92,accounts_receivable,4367.0,2023-09-11,AccountsReceivableNetCurrent@2023-07-31
HP,2023,3,2023-07-31,2023Q3,92,cash,1673.0,2023-09-11,CashAndCashEquivalentsAtCarryingValue@2023-07-31
HP,2023,3,2023-07-31,2023Q3,92,cogs,10374.0,2023-09-11,CostOfRevenue@2023-05-01~2023-07-31
HP,2023,3,2023-07-31,2023Q3,92,gross_profit,2822.0,2023-09-11,"rev_minus_cogs:Revenues@2023-05-01~2023-07-31,CostOfRevenue@2023-05-01~2023-07-31"
HP,2023,3,2023-07-31,2023Q3,92,inventory,7197.0,2023-09-11,InventoryNet@2023-07-31
HP,2023,3,2023-07-31,2023Q3,92,revenue,13196.0,2023-09-11,Revenues@2023-05-01~2023-07-31
HP,2023,4,2023-10-31,2023Q4,92,accounts_payable,14046.0,2023-12-18,AccountsPayableCurrent@2023-10-31
HP,2023,4,2023-10-31,2023Q4,92,accounts_receivable,4237.0,2023-12-18,AccountsReceivableNetCurrent@2023-10-31
HP,2023,4,2023-10-31,2023Q4,92,cash,3107.0,2023-12-18,CashAndCashEquivalentsAtCarryingValue@2023-10-31
HP,2023,4,2023-10-31,2023Q4,92,cogs,10832.0,2023-12-18,q4=FY(CostOfRevenue@2022-11-01~2023-10-31)-9M(CostOfRevenue@2022-11-01~2023-07-31)
HP,2023,4,2023-10-31,2023Q4,92,gross_profit,2985.0,2023-12-18,"rev_minus_cogs:q4=FY(Revenues@2022-11-01~2023-10-31)-9M(Revenues@2022-11-01~2023-07-31),q4=FY(CostOfRevenue@2022-11-01~2023-10-31)-9M(CostOfRevenue@2022-11-01~2023-07-31)"
HP,2023,4,2023-10-31,2023Q4,92,inventory,6862.0,2023-12-18,InventoryNet@2023-10-31
HP,2023,4,2023-10-31,2023Q4,92,revenue,13817.0,2023-12-18,q4=FY(Revenues@2022-11-01~2023-10-31)-9M(Revenues@2022-11-01~2023-07-31)
HP,2024,1,2024-01-31,2024Q1,92,accounts_payable,13255.0,2024-02-28,AccountsPayableCurrent@2024-01-31
HP,2024,1,2024-01-31,2024Q1,92,accounts_receivable,3804.0,2024-02-28,AccountsReceivableNetCurrent@2024-01-31
HP,2024,1,2024-01-31,2024Q1,92,cash,2263.0,2024-02-28,CashAndCashEquivalentsAtCarryingValue@2024-01-31
HP,2024,1,2024-01-31,2024Q1,92,cogs,10297.0,2024-02-28,CostOfRevenue@2023-11-01~2024-01-31
HP,2024,1,2024-01-31,2024Q1,92,gross_profit,2888.0,2024-02-28,"rev_minus_cogs:Revenues@2023-11-01~2024-01-31,CostOfRevenue@2023-11-01~2024-01-31"
HP,2024,1,2024-01-31,2024Q1,92,inventory,6928.0,2024-02-28,InventoryNet@2024-01-31
HP,2024,1,2024-01-31,2024Q1,92,revenue,13185.0,2024-02-28,Revenues@2023-11-01~2024-01-31
HP,2024,2,2024-04-30,2024Q2,90,accounts_payable,14362.0,2024-05-30,AccountsPayableCurrent@2024-04-30
HP,2024,2,2024-04-30,2024Q2,90,accounts_receivable,4319.0,2024-05-30,AccountsReceivableNetCurrent@2024-04-30
HP,2024,2,2024-04-30,2024Q2,90,cash,2442.0,2024-05-30,CashAndCashEquivalentsAtCarryingValue@2024-04-30
HP,2024,2,2024-04-30,2024Q2,90,cogs,9777.0,2024-05-30,CostOfRevenue@2024-02-01~2024-04-30
HP,2024,2,2024-04-30,2024Q2,90,gross_profit,3023.0,2024-05-30,"rev_minus_cogs:Revenues@2024-02-01~2024-04-30,CostOfRevenue@2024-02-01~2024-04-30"
HP,2024,2,2024-04-30,2024Q2,90,inventory,7512.0,2024-05-30,InventoryNet@2024-04-30
HP,2024,2,2024-04-30,2024Q2,90,revenue,12800.0,2024-05-30,Revenues@2024-02-01~2024-04-30
HP,2024,3,2024-07-31,2024Q3,92,accounts_payable,15447.0,2024-08-29,AccountsPayableCurrent@2024-07-31
HP,2024,3,2024-07-31,2024Q3,92,accounts_receivable,4659.0,2024-08-29,AccountsReceivableNetCurrent@2024-07-31
HP,2024,3,2024-07-31,2024Q3,92,cash,2785.0,2024-08-29,CashAndCashEquivalentsAtCarryingValue@2024-07-31
HP,2024,3,2024-07-31,2024Q3,92,cogs,10613.0,2024-08-29,CostOfRevenue@2024-05-01~2024-07-31
HP,2024,3,2024-07-31,2024Q3,92,gross_profit,2906.0,2024-08-29,"rev_minus_cogs:Revenues@2024-05-01~2024-07-31,CostOfRevenue@2024-05-01~2024-07-31"
HP,2024,3,2024-07-31,2024Q3,92,inventory,7790.0,2024-08-29,InventoryNet@2024-07-31
HP,2024,3,2024-07-31,2024Q3,92,revenue,13519.0,2024-08-29,Revenues@2024-05-01~2024-07-31
HP,2024,4,2024-10-31,2024Q4,92,accounts_payable,16903.0,2024-12-13,AccountsPayableCurrent@2024-10-31
HP,2024,4,2024-10-31,2024Q4,92,accounts_receivable,5117.0,2024-12-13,AccountsReceivableNetCurrent@2024-10-31
HP,2024,4,2024-10-31,2024Q4,92,cash,3238.0,2024-12-13,CashAndCashEquivalentsAtCarryingValue@2024-10-31
HP,2024,4,2024-10-31,2024Q4,92,cogs,11054.0,2024-12-13,q4=FY(CostOfRevenue@2023-11-01~2024-10-31)-9M(CostOfRevenue@2023-11-01~2024-07-31)
HP,2024,4,2024-10-31,2024Q4,92,gross_profit,3001.0,2024-12-13,"rev_minus_cogs:q4=FY(Revenues@2023-11-01~2024-10-31)-9M(Revenues@2023-11-01~2024-07-31),q4=FY(CostOfRevenue@2023-11-01~2024-10-31)-9M(CostOfRevenue@2023-11-01~2024-07-31)"
HP,2024,4,2024-10-31,2024Q4,92,inventory,7720.0,2024-12-13,InventoryNet@2024-10-31
HP,2024,4,2024-10-31,2024Q4,92,revenue,14055.0,2024-12-13,q4=FY(Revenues@2023-11-01~2024-10-31)-9M(Revenues@2023-11-01~2024-07-31)
Lenovo,2019,4,2019-03-31,2019Q1,90,accounts_payable,7702.675,2019-05-23,FY19Q4_230520191211.pdf
Lenovo,2019,4,2019-03-31,2019Q1,90,accounts_receivable,6707.938,2019-05-23,FY19Q4_230520191211.pdf
Lenovo,2019,4,2019-03-31,2019Q1,90,cash,2662.854,2019-05-23,FY19Q4_230520191211.pdf
Lenovo,2019,4,2019-03-31,2019Q1,90,cogs,9815.076,2019-05-23,FY19Q4_230520191211.pdf;FY19Q3_210220190728.pdf;q4=FY12m-9mYTD
Lenovo,2019,4,2019-03-31,2019Q1,90,gross_profit,1895.203,2019-05-23,FY19Q4_230520191211.pdf;FY19Q3_210220190728.pdf;q4=FY12m-9mYTD
Lenovo,2019,4,2019-03-31,2019Q1,90,inventory,3434.66,2019-05-23,FY19Q4_230520191211.pdf
Lenovo,2019,4,2019-03-31,2019Q1,90,revenue,11710.279,2019-05-23,FY19Q4_230520191211.pdf;FY19Q3_210220190728.pdf;q4=FY12m-9mYTD
Lenovo,2020,1,2019-06-30,2019Q2,91,accounts_payable,8062.384,2019-08-15,FY20Q1_150820190745.pdf
Lenovo,2020,1,2019-06-30,2019Q2,91,accounts_receivable,8429.868,2019-08-15,FY20Q1_150820190745.pdf
Lenovo,2020,1,2019-06-30,2019Q2,91,cash,2717.405,2019-08-15,FY20Q1_150820190745.pdf
Lenovo,2020,1,2019-06-30,2019Q2,91,cogs,10463.762,2019-08-15,FY20Q1_150820190745.pdf
Lenovo,2020,1,2019-06-30,2019Q2,91,gross_profit,2048.391,2019-08-15,FY20Q1_150820190745.pdf
Lenovo,2020,1,2019-06-30,2019Q2,91,inventory,3573.037,2019-08-15,FY20Q1_150820190745.pdf
Lenovo,2020,1,2019-06-30,2019Q2,91,revenue,12512.153,2019-08-15,FY20Q1_150820190745.pdf
Lenovo,2020,2,2019-09-30,2019Q3,92,accounts_payable,9111.189,2019-11-07,FY20Q2_071120191202.pdf
Lenovo,2020,2,2019-09-30,2019Q3,92,accounts_receivable,8309.171,2019-11-07,FY20Q2_071120191202.pdf
Lenovo,2020,2,2019-09-30,2019Q3,92,cash,3310.94,2019-11-07,FY20Q2_071120191202.pdf
Lenovo,2020,2,2019-09-30,2019Q3,92,cogs,11339.441,2019-11-07,FY20Q2_071120191202.pdf
Lenovo,2020,2,2019-09-30,2019Q3,92,gross_profit,2182.548,2019-11-07,FY20Q2_071120191202.pdf
Lenovo,2020,2,2019-09-30,2019Q3,92,inventory,3816.91,2019-11-07,FY20Q2_071120191202.pdf
Lenovo,2020,2,2019-09-30,2019Q3,92,revenue,13521.989,2019-11-07,FY20Q2_071120191202.pdf
Lenovo,2020,3,2019-12-31,2019Q4,92,accounts_payable,9967.751,2020-02-20,FY20Q3_200220201201.pdf
Lenovo,2020,3,2019-12-31,2019Q4,92,accounts_receivable,9242.438,2020-02-20,FY20Q3_200220201201.pdf
Lenovo,2020,3,2019-12-31,2019Q4,92,cash,3520.919,2020-02-20,FY20Q3_200220201201.pdf
Lenovo,2020,3,2019-12-31,2019Q4,92,cogs,11838.21,2020-02-20,FY20Q3_200220201201.pdf
Lenovo,2020,3,2019-12-31,2019Q4,92,gross_profit,2264.626,2020-02-20,FY20Q3_200220201201.pdf
Lenovo,2020,3,2019-12-31,2019Q4,92,inventory,3998.396,2020-02-20,FY20Q3_200220201201.pdf
Lenovo,2020,3,2019-12-31,2019Q4,92,revenue,14102.836,2020-02-20,FY20Q3_200220201201.pdf
Lenovo,2020,4,2020-03-31,2020Q1,91,accounts_payable,8968.369,2020-05-20,FY20Q4_200520200704.pdf
Lenovo,2020,4,2020-03-31,2020Q1,91,accounts_receivable,6274.541,2020-05-20,FY20Q4_200520200704.pdf
Lenovo,2020,4,2020-03-31,2020Q1,91,cash,3550.99,2020-05-20,FY20Q4_200520200704.pdf
Lenovo,2020,4,2020-03-31,2020Q1,91,cogs,8717.632,2020-05-20,FY20Q4_200520200704.pdf;FY20Q3_200220201201.pdf;q4=FY12m-9mYTD
Lenovo,2020,4,2020-03-31,2020Q1,91,gross_profit,1861.739,2020-05-20,FY20Q4_200520200704.pdf;FY20Q3_200220201201.pdf;q4=FY12m-9mYTD
Lenovo,2020,4,2020-03-31,2020Q1,91,inventory,4946.914,2020-05-20,FY20Q4_200520200704.pdf
Lenovo,2020,4,2020-03-31,2020Q1,91,revenue,10579.371,2020-05-20,FY20Q4_200520200704.pdf;FY20Q3_200220201201.pdf;q4=FY12m-9mYTD
Lenovo,2021,1,2020-06-30,2020Q2,91,accounts_payable,9323.323,2020-08-13,FY21Q1_130820201201.pdf
Lenovo,2021,1,2020-06-30,2020Q2,91,accounts_receivable,7055.799,2020-08-13,FY21Q1_130820201201.pdf
Lenovo,2021,1,2020-06-30,2020Q2,91,cash,3495.632,2020-08-13,FY21Q1_130820201201.pdf
Lenovo,2021,1,2020-06-30,2020Q2,91,cogs,11306.548,2020-08-13,FY21Q1_130820201201.pdf
Lenovo,2021,1,2020-06-30,2020Q2,91,gross_profit,2041.308,2020-08-13,FY21Q1_130820201201.pdf
Lenovo,2021,1,2020-06-30,2020Q2,91,inventory,5126.69,2020-08-13,FY21Q1_130820201201.pdf
Lenovo,2021,1,2020-06-30,2020Q2,91,revenue,13347.856,2020-08-13,FY21Q1_130820201201.pdf
Lenovo,2021,2,2020-09-30,2020Q3,92,accounts_payable,9633.789,2020-11-03,FY21Q2_031120201215.pdf
Lenovo,2021,2,2020-09-30,2020Q3,92,accounts_receivable,7252.176,2020-11-03,FY21Q2_031120201215.pdf
Lenovo,2021,2,2020-09-30,2020Q3,92,cash,3698.658,2020-11-03,FY21Q2_031120201215.pdf
Lenovo,2021,2,2020-09-30,2020Q3,92,cogs,12266.356,2020-11-03,FY21Q2_031120201215.pdf
Lenovo,2021,2,2020-09-30,2020Q3,92,gross_profit,2252.553,2020-11-03,FY21Q2_031120201215.pdf
Lenovo,2021,2,2020-09-30,2020Q3,92,inventory,5242.331,2020-11-03,FY21Q2_031120201215.pdf
Lenovo,2021,2,2020-09-30,2020Q3,92,revenue,14518.909,2020-11-03,FY21Q2_031120201215.pdf
Lenovo,2021,3,2020-12-31,2020Q4,92,accounts_payable,11215.563,2021-02-03,FY21Q3_030220211202.pdf
Lenovo,2021,3,2020-12-31,2020Q4,92,accounts_receivable,9326.966,2021-02-03,FY21Q3_030220211202.pdf
Lenovo,2021,3,2020-12-31,2020Q4,92,cash,4040.149,2021-02-03,FY21Q3_030220211202.pdf
Lenovo,2021,3,2020-12-31,2020Q4,92,cogs,14459.338,2021-02-03,FY21Q3_030220211202.pdf
Lenovo,2021,3,2020-12-31,2020Q4,92,gross_profit,2786.105,2021-02-03,FY21Q3_030220211202.pdf
Lenovo,2021,3,2020-12-31,2020Q4,92,inventory,5785.801,2021-02-03,FY21Q3_030220211202.pdf
Lenovo,2021,3,2020-12-31,2020Q4,92,revenue,17245.443,2021-02-03,FY21Q3_030220211202.pdf
Lenovo,2021,4,2021-03-31,2021Q1,90,accounts_payable,11106.424,2021-05-27,FY21Q4_270520211201.pdf
Lenovo,2021,4,2021-03-31,2021Q1,90,accounts_receivable,8476.764,2021-05-27,FY21Q4_270520211201.pdf
Lenovo,2021,4,2021-03-31,2021Q1,90,cash,3068.385,2021-05-27,FY21Q4_270520211201.pdf
Lenovo,2021,4,2021-03-31,2021Q1,90,cogs,12942.183,2021-05-27,FY21Q4_270520211201.pdf;FY21Q3_030220211202.pdf;q4=FY12m-9mYTD
Lenovo,2021,4,2021-03-31,2021Q1,90,gross_profit,2687.921,2021-05-27,FY21Q4_270520211201.pdf;FY21Q3_030220211202.pdf;q4=FY12m-9mYTD
Lenovo,2021,4,2021-03-31,2021Q1,90,inventory,6380.576,2021-05-27,FY21Q4_270520211201.pdf
Lenovo,2021,4,2021-03-31,2021Q1,90,revenue,15630.104,2021-05-27,FY21Q4_270520211201.pdf;FY21Q3_030220211202.pdf;q4=FY12m-9mYTD
Lenovo,2022,1,2021-06-30,2021Q2,91,accounts_payable,12221.607,2021-08-11,FY22Q1_110820211201.pdf
Lenovo,2022,1,2021-06-30,2021Q2,91,accounts_receivable,8989.326,2021-08-11,FY22Q1_110820211201.pdf
Lenovo,2022,1,2021-06-30,2021Q2,91,cash,3175.812,2021-08-11,FY22Q1_110820211201.pdf
Lenovo,2022,1,2021-06-30,2021Q2,91,cogs,14105.505,2021-08-11,FY22Q1_110820211201.pdf
Lenovo,2022,1,2021-06-30,2021Q2,91,gross_profit,2823.742,2021-08-11,FY22Q1_110820211201.pdf
Lenovo,2022,1,2021-06-30,2021Q2,91,inventory,7825.77,2021-08-11,FY22Q1_110820211201.pdf
Lenovo,2022,1,2021-06-30,2021Q2,91,revenue,16929.247,2021-08-11,FY22Q1_110820211201.pdf
Lenovo,2022,2,2021-09-30,2021Q3,92,accounts_payable,12727.47,2021-11-04,FY22Q2_041120211201.pdf
Lenovo,2022,2,2021-09-30,2021Q3,92,accounts_receivable,9568.707,2021-11-04,FY22Q2_041120211201.pdf
Lenovo,2022,2,2021-09-30,2021Q3,92,cash,3647.478,2021-11-04,FY22Q2_041120211201.pdf
Lenovo,2022,2,2021-09-30,2021Q3,92,cogs,14862.921,2021-11-04,FY22Q2_041120211201.pdf
Lenovo,2022,2,2021-09-30,2021Q3,92,gross_profit,3005.758,2021-11-04,FY22Q2_041120211201.pdf
Lenovo,2022,2,2021-09-30,2021Q3,92,inventory,8727.816,2021-11-04,FY22Q2_041120211201.pdf
Lenovo,2022,2,2021-09-30,2021Q3,92,revenue,17868.679,2021-11-04,FY22Q2_041120211201.pdf
Lenovo,2022,3,2021-12-31,2021Q4,92,accounts_payable,13578.741,2022-02-23,FY22Q3_230220221201.pdf
Lenovo,2022,3,2021-12-31,2021Q4,92,accounts_receivable,12447.387,2022-02-23,FY22Q3_230220221201.pdf
Lenovo,2022,3,2021-12-31,2021Q4,92,cash,3756.468,2022-02-23,FY22Q3_230220221201.pdf
Lenovo,2022,3,2021-12-31,2021Q4,92,cogs,16771.318,2022-02-23,FY22Q3_230220221201.pdf
Lenovo,2022,3,2021-12-31,2021Q4,92,gross_profit,3355.214,2022-02-23,FY22Q3_230220221201.pdf
Lenovo,2022,3,2021-12-31,2021Q4,92,inventory,8441.581,2022-02-23,FY22Q3_230220221201.pdf
Lenovo,2022,3,2021-12-31,2021Q4,92,revenue,20126.532,2022-02-23,FY22Q3_230220221201.pdf
Lenovo,2022,4,2022-03-31,2022Q1,90,accounts_payable,13184.831,2022-05-26,FY22Q4_260520221201.pdf
Lenovo,2022,4,2022-03-31,2022Q1,90,accounts_receivable,11289.547,2022-05-26,FY22Q4_260520221201.pdf
Lenovo,2022,4,2022-03-31,2022Q1,90,cash,3930.287,2022-05-26,FY22Q4_260520221201.pdf
Lenovo,2022,4,2022-03-31,2022Q1,90,cogs,13829.497,2022-05-26,FY22Q4_260520221201.pdf;FY22Q3_230220221201.pdf;q4=FY12m-9mYTD
Lenovo,2022,4,2022-03-31,2022Q1,90,gross_profit,2864.261,2022-05-26,FY22Q4_260520221201.pdf;FY22Q3_230220221201.pdf;q4=FY12m-9mYTD
Lenovo,2022,4,2022-03-31,2022Q1,90,inventory,8300.658,2022-05-26,FY22Q4_260520221201.pdf
Lenovo,2022,4,2022-03-31,2022Q1,90,revenue,16693.758,2022-05-26,FY22Q4_260520221201.pdf;FY22Q3_230220221201.pdf;q4=FY12m-9mYTD
Lenovo,2023,1,2022-06-30,2022Q2,91,accounts_payable,13609.606,2022-08-10,FY23Q1_100820220732.pdf
Lenovo,2023,1,2022-06-30,2022Q2,91,accounts_receivable,11646.783,2022-08-10,FY23Q1_100820220732.pdf
Lenovo,2023,1,2022-06-30,2022Q2,91,cash,3788.089,2022-08-10,FY23Q1_100820220732.pdf
Lenovo,2023,1,2022-06-30,2022Q2,91,cogs,14086.717,2022-08-10,FY23Q1_100820220732.pdf
Lenovo,2023,1,2022-06-30,2022Q2,91,gross_profit,2868.901,2022-08-10,FY23Q1_100820220732.pdf
Lenovo,2023,1,2022-06-30,2022Q2,91,inventory,8867.663,2022-08-10,FY23Q1_100820220732.pdf
Lenovo,2023,1,2022-06-30,2022Q2,91,revenue,16955.618,2022-08-10,FY23Q1_100820220732.pdf
Lenovo,2023,2,2022-09-30,2022Q3,92,accounts_payable,12348.689,2022-11-03,FY23Q2_031120221202.pdf
Lenovo,2023,2,2022-09-30,2022Q3,92,accounts_receivable,9786.759,2022-11-03,FY23Q2_031120221202.pdf
Lenovo,2023,2,2022-09-30,2022Q3,92,cash,5567.431,2022-11-03,FY23Q2_031120221202.pdf
Lenovo,2023,2,2022-09-30,2022Q3,92,cogs,14212.963,2022-11-03,FY23Q2_031120221202.pdf
Lenovo,2023,2,2022-09-30,2022Q3,92,gross_profit,2876.574,2022-11-03,FY23Q2_031120221202.pdf
Lenovo,2023,2,2022-09-30,2022Q3,92,inventory,8417.891,2022-11-03,FY23Q2_031120221202.pdf
Lenovo,2023,2,2022-09-30,2022Q3,92,revenue,17089.537,2022-11-03,FY23Q2_031120221202.pdf
Lenovo,2023,3,2022-12-31,2022Q4,92,accounts_payable,10837.3,2023-02-17,FY23Q3_170220231201.pdf
Lenovo,2023,3,2022-12-31,2022Q4,92,accounts_receivable,9288.512,2023-02-17,FY23Q3_170220231201.pdf
Lenovo,2023,3,2022-12-31,2022Q4,92,cash,5018.898,2023-02-17,FY23Q3_170220231201.pdf
Lenovo,2023,3,2022-12-31,2022Q4,92,cogs,12654.361,2023-02-17,FY23Q3_170220231201.pdf
Lenovo,2023,3,2022-12-31,2022Q4,92,gross_profit,2612.245,2023-02-17,FY23Q3_170220231201.pdf
Lenovo,2023,3,2022-12-31,2022Q4,92,inventory,7502.055,2023-02-17,FY23Q3_170220231201.pdf
Lenovo,2023,3,2022-12-31,2022Q4,92,revenue,15266.606,2023-02-17,FY23Q3_170220231201.pdf
Lenovo,2023,4,2023-03-31,2023Q1,90,accounts_payable,9772.934,2023-05-24,FY23Q4_240520231218.pdf
Lenovo,2023,4,2023-03-31,2023Q1,90,accounts_receivable,7940.378,2023-05-24,FY23Q4_240520231218.pdf
Lenovo,2023,4,2023-03-31,2023Q1,90,cash,4250.085,2023-05-24,FY23Q4_240520231218.pdf
Lenovo,2023,4,2023-03-31,2023Q1,90,cogs,10491.721,2023-05-24,FY23Q4_240520231218.pdf;FY23Q3_170220231201.pdf;q4=FY12m-9mYTD
Lenovo,2023,4,2023-03-31,2023Q1,90,gross_profit,2143.372,2023-05-24,FY23Q4_240520231218.pdf;FY23Q3_170220231201.pdf;q4=FY12m-9mYTD
Lenovo,2023,4,2023-03-31,2023Q1,90,inventory,6371.858,2023-05-24,FY23Q4_240520231218.pdf
Lenovo,2023,4,2023-03-31,2023Q1,90,revenue,12635.093,2023-05-24,FY23Q4_240520231218.pdf;FY23Q3_170220231201.pdf;q4=FY12m-9mYTD
Lenovo,2024,1,2023-06-30,2023Q2,91,accounts_payable,9284.233,2023-08-17,FY24Q1_170820231201.pdf
Lenovo,2024,1,2023-06-30,2023Q2,91,accounts_receivable,7474.309,2023-08-17,FY24Q1_170820231201.pdf
Lenovo,2024,1,2023-06-30,2023Q2,91,cash,4354.802,2023-08-17,FY24Q1_170820231201.pdf
Lenovo,2024,1,2023-06-30,2023Q2,91,cogs,10648.022,2023-08-17,FY24Q1_170820231201.pdf
Lenovo,2024,1,2023-06-30,2023Q2,91,gross_profit,2251.905,2023-08-17,FY24Q1_170820231201.pdf
Lenovo,2024,1,2023-06-30,2023Q2,91,inventory,5907.201,2023-08-17,FY24Q1_170820231201.pdf
Lenovo,2024,1,2023-06-30,2023Q2,91,revenue,12899.927,2023-08-17,FY24Q1_170820231201.pdf
Lenovo,2024,2,2023-09-30,2023Q3,92,accounts_payable,10872.335,2023-11-16,FY24Q2_161120231219.pdf
Lenovo,2024,2,2023-09-30,2023Q3,92,accounts_receivable,7809.892,2023-11-16,FY24Q2_161120231219.pdf
Lenovo,2024,2,2023-09-30,2023Q3,92,cash,3736.984,2023-11-16,FY24Q2_161120231219.pdf
Lenovo,2024,2,2023-09-30,2023Q3,92,cogs,11888.026,2023-11-16,FY24Q2_161120231219.pdf
Lenovo,2024,2,2023-09-30,2023Q3,92,gross_profit,2521.76,2023-11-16,FY24Q2_161120231219.pdf
Lenovo,2024,2,2023-09-30,2023Q3,92,inventory,6169.642,2023-11-16,FY24Q2_161120231219.pdf
Lenovo,2024,2,2023-09-30,2023Q3,92,revenue,14409.786,2023-11-16,FY24Q2_161120231219.pdf
Lenovo,2024,3,2023-12-31,2023Q4,92,accounts_payable,10258.486,2024-02-22,FY24Q3_220220241202.pdf
Lenovo,2024,3,2023-12-31,2023Q4,92,accounts_receivable,8944.694,2024-02-22,FY24Q3_220220241202.pdf
Lenovo,2024,3,2023-12-31,2023Q4,92,cash,3466.167,2024-02-22,FY24Q3_220220241202.pdf
Lenovo,2024,3,2023-12-31,2023Q4,92,cogs,13119.563,2024-02-22,FY24Q3_220220241202.pdf
Lenovo,2024,3,2023-12-31,2023Q4,92,gross_profit,2601.391,2024-02-22,FY24Q3_220220241202.pdf
Lenovo,2024,3,2023-12-31,2023Q4,92,inventory,6218.91,2024-02-22,FY24Q3_220220241202.pdf
Lenovo,2024,3,2023-12-31,2023Q4,92,revenue,15720.954,2024-02-22,FY24Q3_220220241202.pdf
Lenovo,2024,4,2024-03-31,2024Q1,91,accounts_payable,10505.427,2024-05-23,FY24Q4_230520241204.pdf
Lenovo,2024,4,2024-03-31,2024Q1,91,accounts_receivable,8147.695,2024-05-23,FY24Q4_230520241204.pdf
Lenovo,2024,4,2024-03-31,2024Q1,91,cash,3559.831,2024-05-23,FY24Q4_230520241204.pdf
Lenovo,2024,4,2024-03-31,2024Q1,91,cogs,11404.99,2024-05-23,FY24Q4_230520241204.pdf;FY24Q3_220220241202.pdf;q4=FY12m-9mYTD
Lenovo,2024,4,2024-03-31,2024Q1,91,gross_profit,2428.127,2024-05-23,FY24Q4_230520241204.pdf;FY24Q3_220220241202.pdf;q4=FY12m-9mYTD
Lenovo,2024,4,2024-03-31,2024Q1,91,inventory,6702.677,2024-05-23,FY24Q4_230520241204.pdf
Lenovo,2024,4,2024-03-31,2024Q1,91,revenue,13833.117,2024-05-23,FY24Q4_230520241204.pdf;FY24Q3_220220241202.pdf;q4=FY12m-9mYTD
Lenovo,2025,1,2024-06-30,2024Q2,91,accounts_payable,11924.646,2024-08-15,FY25Q1_150820241201.pdf
Lenovo,2025,1,2024-06-30,2024Q2,91,accounts_receivable,8654.796,2024-08-15,FY25Q1_150820241201.pdf
Lenovo,2025,1,2024-06-30,2024Q2,91,cash,3911.121,2024-08-15,FY25Q1_150820241201.pdf
Lenovo,2025,1,2024-06-30,2024Q2,91,cogs,12887.207,2024-08-15,FY25Q1_150820241201.pdf
Lenovo,2025,1,2024-06-30,2024Q2,91,gross_profit,2559.849,2024-08-15,FY25Q1_150820241201.pdf
Lenovo,2025,1,2024-06-30,2024Q2,91,inventory,7777.587,2024-08-15,FY25Q1_150820241201.pdf
Lenovo,2025,1,2024-06-30,2024Q2,91,revenue,15447.056,2024-08-15,FY25Q1_150820241201.pdf
Lenovo,2025,2,2024-09-30,2024Q3,92,accounts_payable,14229.35,2024-11-15,FY25Q2_151120240721.pdf
Lenovo,2025,2,2024-09-30,2024Q3,92,accounts_receivable,9476.319,2024-11-15,FY25Q2_151120240721.pdf
Lenovo,2025,2,2024-09-30,2024Q3,92,cash,4178.915,2024-11-15,FY25Q2_151120240721.pdf
Lenovo,2025,2,2024-09-30,2024Q3,92,cogs,15054.344,2024-11-15,FY25Q2_151120240721.pdf
Lenovo,2025,2,2024-09-30,2024Q3,92,gross_profit,2795.75,2024-11-15,FY25Q2_151120240721.pdf
Lenovo,2025,2,2024-09-30,2024Q3,92,inventory,9118.816,2024-11-15,FY25Q2_151120240721.pdf
Lenovo,2025,2,2024-09-30,2024Q3,92,revenue,17850.094,2024-11-15,FY25Q2_151120240721.pdf
Lenovo,2025,3,2024-12-31,2024Q4,92,accounts_payable,13883.842,2025-02-20,FY25Q3_200220251201.pdf
Lenovo,2025,3,2024-12-31,2024Q4,92,accounts_receivable,9972.362,2025-02-20,FY25Q3_200220251201.pdf
Lenovo,2025,3,2024-12-31,2024Q4,92,cash,3934.448,2025-02-20,FY25Q3_200220251201.pdf
Lenovo,2025,3,2024-12-31,2024Q4,92,cogs,15836.889,2025-02-20,FY25Q3_200220251201.pdf
Lenovo,2025,3,2024-12-31,2024Q4,92,gross_profit,2959.391,2025-02-20,FY25Q3_200220251201.pdf
Lenovo,2025,3,2024-12-31,2024Q4,92,inventory,9147.679,2025-02-20,FY25Q3_200220251201.pdf
Lenovo,2025,3,2024-12-31,2024Q4,92,revenue,18796.28,2025-02-20,FY25Q3_200220251201.pdf
